problem_name,best_HV,error,current_instance,confidence_interval_90,confidence_interval_95,confidence_interval_98,confidence_interval_99
pressure_vessel,1.1123137357514809e13,0.0036313421884551647,1,1,1,1,1
"[1.100869504667128e13,1.1078704874700475e13,1.1096899775478549e13,1.1105368784062055e13,1.1111523895659209e13,1.1112916332837486e13,1.112232185752673e13,1.1123137357514809e13,1.1119008300085232e13,1.112119428087724e13,1.112108118745758e13,1.112108118745758e13,1.112108118745758e13,1.112108118745758e13,1.112108118745758e13,1.112108118745758e13,1.112108118745758e13,1.112108118745758e13,1.112108118745758e13,1.112108118745758e13,1.112108118745758e13,1.112108118745758e13,1.112108118745758e13,1.112108118745758e13,1.112108118745758e13,1.112108118745758e13,1.112108118745758e13,1.112108118745758e13,1.112108118745758e13,1.112108118745758e13,1.112108118745758e13,1.112108118745758e13,1.112108118745758e13,1.112108118745758e13,1.112108118745758e13,1.112108118745758e13,1.112108118745758e13,1.112108118745758e13,1.112108118745758e13,1.112108118745758e13,1.112108118745758e13,1.112108118745758e13,1.112108118745758e13,1.112108118745758e13,1.112108118745758e13,1.112108118745758e13,1.112108118745758e13,1.112108118745758e13,1.112108118745758e13,1.112108118745758e13,1.112108118745758e13,1.112108118745758e13,1.112108118745758e13,1.112108118745758e13,1.112108118745758e13,1.112108118745758e13,1.112108118745758e13,1.112108118745758e13,1.112108118745758e13,1.112108118745758e13,1.112108118745758e13,1.112108118745758e13,1.112108118745758e13,1.112108118745758e13,1.112108118745758e13,1.112108118745758e13,1.112108118745758e13,1.112108118745758e13,1.112108118745758e13,1.112108118745758e13,1.112108118745758e13,1.112108118745758e13,1.112108118745758e13,1.112108118745758e13,1.112108118745758e13,1.112108118745758e13,1.112108118745758e13,1.112108118745758e13,1.112108118745758e13,1.112108118745758e13,1.112108118745758e13,1.112108118745758e13,1.112108118745758e13,1.112108118745758e13,1.112108118745758e13,1.112108118745758e13,1.112108118745758e13,1.112108118745758e13,1.112108118745758e13,1.112108118745758e13,1.112108118745758e13,1.112108118745758e13,1.112108118745758e13,1.112108118745758e13,1.112108118745758e13,1.112108118745758e13,1.112108118745758e13,1.112108118745758e13,1.112108118745758e13,1.112108118745758e13]"
,,,,,
vibrating_platform,824.8426713935579,0.049936637810897085,2,1,1,1,1
"[823.9852090884262,824.7234679060459,824.7482096534366,824.7507098336258,824.7525610934038,824.7523836137281,824.754556170858,824.7547560866985,824.7584039438483,824.8194501918404,824.8196477368803,824.81919179653,824.8199247274899,824.819357480321,824.8192561587172,824.8186619128488,824.8195705770154,824.81972134849,824.8197740254792,824.8196175981952,824.8200819072242,824.8200370878848,824.8200683707367,824.8198631896156,824.8199251837464,824.8200915062075,824.8198546044489,824.8200603053775,824.8200717552702,824.8200861498751,824.8069116054573,824.8076492694807,824.8076024122641,824.8407233561918,824.8408610926972,824.8408758683262,824.8408487840456,824.840826894867,824.840603583039,824.8368692606048,824.8374550468388,824.8372603386238,824.8373425857678,824.8376570378035,824.8374235015963,824.8374674513402,824.8374686595726,824.8374703358259,824.8374714614192,824.8374740764265,824.8372647074311,824.8372627319739,824.8374714171462,824.8308598650639,824.8308160399608,824.8308519685529,824.8308540805112,824.8308356242966,824.8309143904696,824.8309059884928,824.8309084614073,824.8308802859804,824.8308752674129,824.835453446418,824.8352565274304,824.8355360508425,824.8355221201002,824.8353686921595,824.6743818320693,824.8426713935579,824.8424879950421,824.832194289377,824.8320536574154,824.8321042542874,824.832090910897,824.8320699895879,824.8320718325008,824.8319736105453,824.8315363975231,824.8321923891905,824.8322276808103,824.8322378178455,824.8323220779305,824.8322477443463,824.8322275518977,824.8322234382347,824.832243566714,824.832241176607,824.8320427101671,824.8322488735049,824.8322421465,824.8322438981339,824.8323477171202,824.8322427463664,824.8322120295556,824.8321181185702,824.832207980809,824.8321961433664,824.8322076983147,824.8322134181203]"
,,,,,
two_bar_Truss_design_problems,8853.485714504877,0.048772150166332726,3,1,1,1,1
"[8829.994115599568,8835.775499759282,8836.228228512187,8836.165919105357,8836.340676844457,8838.796820328582,8840.032300885381,8838.848196700794,8841.730793807657,8842.132238112965,8841.267563492129,8852.346783114517,8852.717497584516,8851.475543194147,8850.604416649441,8850.787046713303,8851.13626517592,8852.642444787818,8851.944627546762,8852.395396728687,8852.097121651781,8852.437499429698,8852.820441701557,8852.828346405373,8852.695133283225,8852.575535643517,8852.594893927731,8852.939545806952,8853.014402676148,8850.453510483303,8849.057194655119,8852.120736284443,8852.066674346073,8853.392806801634,8853.485714504877,8853.485714504877,8853.339279761323,8853.370939500073,8853.318015157785,8853.333152208994,8852.802185998198,8852.924869729191,8853.237666439598,8853.245729478882,8853.26654580776,8853.268501492857,8853.268501492857,8853.280042754195,8853.280042754195,8853.284569413692,8853.293607134534,8853.293607134534,8853.293607134534,8853.293607134534,8853.293607134534,8853.293607134534,8853.293607134534,8853.293607134534,8853.293607134534,8853.293607134534,8853.293607134534,8853.293607134534,8853.293607134534,8853.293607134534,8853.293607134534,8853.293607134534,8853.293607134534,8853.293607134534,8853.293607134534,8853.293607134534,8853.293607134534,8853.293607134534,8853.293607134534,8853.293607134534,8853.293607134534,8853.293607134534,8853.293607134534,8853.293607134534,8853.293607134534,8853.293607134534,8853.293607134534,8853.293607134534,8853.293607134534,8853.293607134534,8853.293607134534,8853.293607134534,8853.293607134534,8853.293607134534,8853.293607134534,8853.293607134534,8853.293607134534,8853.293607134534,8853.293607134534,8853.293607134534,8853.293607134534,8853.293607134534,8853.293607134534,8853.293607134534,8853.293607134534,8853.293607134534]"
,,,,,
weldan_beam_design,7.538644620707671,0.02279544894816354,4,1,1,1,1
"[7.41478445738761,7.471481366314607,7.471781361972236,7.471602569636856,7.471944366605745,7.473122673154074,7.537397769081162,7.537329925193624,7.538163590387897,7.538167598472859,7.538347017204817,7.53821129472241,7.538230206105221,7.538277726610937,7.538268058382637,7.538521858887863,7.538271823645669,7.538551726362179,7.538559092698386,7.538552792574582,7.538561999253763,7.538575575936338,7.538571652522858,7.538565418212547,7.538562085584387,7.538483705653139,7.538561598774791,7.538574744009797,7.5385776566691405,7.53858327604062,7.538582847783723,7.538576386157834,7.53858109401449,7.538567722077457,7.538322541732566,7.538323832783703,7.538579620311061,7.538330935522432,7.538620156910149,7.538565254599476,7.538577361658905,7.538607244605971,7.53858081491148,7.538602012839557,7.538623824374776,7.538452812041242,7.538469072676451,7.538356949631497,7.538608524018092,7.538585655025605,7.538579345605373,7.538428626192115,7.5385148254999,7.538581369310203,7.5386197343452075,7.538624397115829,7.538624303036785,7.5385180517454575,7.538529480091288,7.538630949926315,7.538634889588866,7.538635244874974,7.538644620707671,7.538636644680835,7.5386358690521575,7.538405831464764,7.53850489885018,7.538494396179008,7.538504199747497,7.5384951358661665,7.538496166860636,7.538506934867174,7.538506944333246,7.538506167091793,7.53850533472704,7.538502610810707,7.538502364772787,7.538509456818564,7.53850654903625,7.538507193032022,7.5384079910145925,7.538408216988674,7.538407544336995,7.538624448832353,7.538503149656466,7.5385070322247145,7.538507069501256,7.538507888140943,7.538507314275378,7.538589647318661,7.538524989327339,7.538549732801183,7.538605402231942,7.5386237792015995,7.538514621746718,7.53850768841551,7.5385851979311616,7.538510795920211,7.538510808668146,7.538512889296964]"
,,,,,
disc_brake_design,6.0767456170999665,0.018219513392541558,5,1,1,1,1
"[6.050607256667524,6.059372753622348,6.069707730625106,6.070464149751276,6.072560873931991,6.073077152860642,6.074596450309376,6.073937379217378,6.0748606043429705,6.075948545209656,6.075493751028551,6.0755739975752485,6.075566950660862,6.0767456170999665,6.074885364142814,6.075494021061605,6.075108815489245,6.075871627061824,6.075991973706056,6.075911684198943,6.076452399644871,6.075963725454576,6.076607537751534,6.076607537751534,6.076607537751534,6.076607537751534,6.076607537751534,6.076607537751534,6.076607537751534,6.076607537751534,6.076607537751534,6.076607537751534,6.076607537751534,6.076607537751534,6.076607537751534,6.076607537751534,6.076607537751534,6.076607537751534,6.076607537751534,6.076607537751534,6.076607537751534,6.076607537751534,6.076607537751534,6.076607537751534,6.076607537751534,6.076607537751534,6.076607537751534,6.076607537751534,6.076607537751534,6.076607537751534,6.076607537751534,6.076607537751534,6.076607537751534,6.076607537751534,6.076607537751534,6.076607537751534,6.076607537751534,6.076607537751534,6.076607537751534,6.076607537751534,6.076607537751534,6.076607537751534,6.076607537751534,6.076607537751534,6.076607537751534,6.076607537751534,6.076607537751534,6.076607537751534,6.076607537751534,6.076607537751534,6.076607537751534,6.076607537751534,6.076607537751534,6.076607537751534,6.076607537751534,6.076607537751534,6.076607537751534,6.076607537751534,6.076607537751534,6.076607537751534,6.076607537751534,6.076607537751534,6.076607537751534,6.076607537751534,6.076607537751534,6.076607537751534,6.076607537751534,6.076607537751534,6.076607537751534,6.076607537751534,6.076607537751534,6.076607537751534,6.076607537751534,6.076607537751534,6.076607537751534,6.076607537751534,6.076607537751534,6.076607537751534,6.076607537751534,6.076607537751534]"
,,,,,
speed_reducer_design,1.7703089953350856e6,0.0,6,1000,1000,1000,1000
"[1.76563142195872e6,1.7668796050974738e6,1.7673969931157278e6,1.7677238026602026e6,1.7681550052471664e6,1.7686196405687807e6,1.7689859195896583e6,1.7695534746608022e6,1.7695204929297995e6,1.769582436327105e6,1.7697737788826986e6,1.7682546051784437e6,1.769674528959039e6,1.7693355985597805e6,1.7695214474463123e6,1.7693541866483833e6,1.7693633638618868e6,1.769543706068556e6,1.7694510120778056e6,1.769667499105586e6,1.769845881126333e6,1.7684696912707123e6,1.769019686613396e6,1.76892471099312e6,1.7697887790871232e6,1.769885089242191e6,1.769298393739653e6,1.7697748408920835e6,1.7699580680862486e6,1.7699628629386618e6,1.7695687128077939e6,1.7699688101926632e6,1.7699785781664e6,1.7699836258728039e6,1.7699863038484172e6,1.7700023713430462e6,1.7700096497926696e6,1.7700104942468465e6,1.7700101337617058e6,1.7700107066072067e6,1.7700111329881607e6,1.77001481842681e6,1.7700170095356845e6,1.7700183708583626e6,1.7697899422652677e6,1.7698534275915828e6,1.7699806439299635e6,1.7699890561036505e6,1.769269860543895e6,1.7698648561145235e6,1.7699532375544414e6,1.7699575198692859e6,1.7699459848433072e6,1.7699477472874161e6,1.7699528712049895e6,1.769953612830846e6,1.7699569807622426e6,1.7699578258071027e6,1.7699661825186515e6,1.7702940515668616e6,1.770297128271498e6,1.7699752502847754e6,1.769970977185806e6,1.770294367965806e6,1.770299132330551e6,1.7703032109690837e6,1.7703089950587887e6,1.7703089953350856e6,1.7703089953350856e6,1.7703089953350856e6,1.7703089953350856e6,1.7703089953350856e6,1.7703089953350856e6,1.7703089953350856e6,1.7703089953350856e6,1.7703089953350856e6,1.7703089953350856e6,1.7703089953350856e6,1.7703089953350856e6,1.7703089953350856e6,1.7703089953350856e6,1.7703089953350856e6,1.7703089953350856e6,1.7703089953350856e6,1.7703089953350856e6,1.7703089953350856e6,1.7703089953350856e6,1.7703089953350856e6,1.7703089953350856e6,1.7703089953350856e6,1.7703089953350856e6,1.7703089953350856e6,1.7703089953350856e6,1.7703089953350856e6,1.7703089953350856e6,1.7703089953350856e6,1.7703089953350856e6,1.7703089953350856e6,1.7703089953350856e6,1.7703089953350856e6]"
,,,,,
gear_train_design,97.85311140604284,0.062368906533811254,7,1,1,1,1
"[97.40682032669477,97.73660696904493,97.76614708456894,97.79116524037575,97.79757098298433,97.79514508370409,97.80583033502509,97.81544858092948,97.81598136602386,97.81076607145361,97.81608204968155,97.82139142494839,97.82261318182691,97.81578912063898,97.81141527720177,97.81710306550589,97.81305299074208,97.81628314854993,97.8139686294177,97.81759337721104,97.82085981672033,97.82279145163399,97.82478787766769,97.81187861361906,97.82982161849608,97.8365359055571,97.83844531059964,97.84081710032717,97.83557865797277,97.84010370445739,97.83725714764665,97.83817857546187,97.83530255921656,97.83710322944731,97.83370755458935,97.83641656349607,97.83486517010599,97.84071533468426,97.83321025941267,97.83454962289372,97.83450772818438,97.83432155286506,97.8364399892599,97.82781248673314,97.83604251046128,97.83597894435667,97.83521021969209,97.82880381757631,97.83101491421381,97.83215111589651,97.83497994619209,97.83583720623801,97.84040144798132,97.83434735758746,97.83628558663338,97.83632514480644,97.83966755334592,97.83672560911191,97.83153106417654,97.82916385356457,97.83668139293208,97.84147813643094,97.84255141882207,97.83440132736719,97.843442912779,97.84138641815237,97.84478371101682,97.84016569964248,97.84172950003097,97.8437039648397,97.84632623190139,97.84490191299214,97.84500932344852,97.84544785770339,97.84624045284056,97.84737077512827,97.8479098491975,97.84635774068488,97.85161573859543,97.85092333072139,97.84829797716341,97.84552814224944,97.8442375111144,97.84793672732596,97.85087776396955,97.84805418266632,97.84963539246839,97.84987998045108,97.8527683863582,97.85311140604284,97.85311140604284,97.85311140604284,97.85311140604284,97.85311140604284,97.85311140604284,97.85311140604284,97.85311140604284,97.85311140604284,97.85311140604284,97.85311140604284]"
,,,,,
car_side_impact_design,39.25488215349633,0.06247941588051618,8,1,1,1,1
"[38.934130187086794,39.03043858655199,39.08688827184251,39.15877080398248,39.180671222920125,39.2355880285642,39.21590866920032,39.20057141782152,39.176981734492514,39.18400532855999,39.118539597854024,39.17334161235131,39.196852527358736,39.17301893023448,39.1710514892945,39.10297631999253,39.1331580592975,39.14541248360484,39.159571431198316,39.1337737712798,39.14185407448572,39.153656939458436,39.17977010338757,39.22781958682418,39.24629501753887,39.25488215349633,39.24336102651291,39.24954899848608,39.23685108474115,39.24861108958764,39.23548655225955,39.18825046330808,39.222361670392516,39.236502101758184,39.233257220539315,39.24002205108094,39.24512116851611,39.22285519895823,39.24224173546986,39.245197999226946,39.21243919212779,39.21604240254063,39.218265047566106,39.22614786561896,39.22411409622909,39.21988963998393,39.21988963998393,39.21988963998393,39.21988963998393,39.21988963998393,39.21988963998393,39.21988963998393,39.21988963998393,39.21988963998393,39.21988963998393,39.21988963998393,39.21988963998393,39.21988963998393,39.21988963998393,39.21988963998393,39.21988963998393,39.21988963998393,39.21988963998393,39.21988963998393,39.21988963998393,39.21988963998393,39.21988963998393,39.21988963998393,39.21988963998393,39.21988963998393,39.21988963998393,39.21988963998393,39.21988963998393,39.21988963998393,39.21988963998393,39.21988963998393,39.21988963998393,39.21988963998393,39.21988963998393,39.21988963998393,39.21988963998393,39.21988963998393,39.21988963998393,39.21988963998393,39.21988963998393,39.21988963998393,39.21988963998393,39.21988963998393,39.21988963998393,39.21988963998393,39.21988963998393,39.21988963998393,39.21988963998393,39.21988963998393,39.21988963998393,39.21988963998393,39.21988963998393,39.21988963998393,39.21988963998393,39.21988963998393]"
,,,,,
four_bar_plane_truss,64.97381693512634,0.07033852675696835,9,1,1,1,1
"[64.66720070712495,64.72387707805885,64.88598025335261,64.90380311139398,64.91477211223491,64.91829752208913,64.9176646599563,64.92164651985789,64.92399378246046,64.91820729745332,64.92703857961295,64.91800247243188,64.92498093996767,64.92757056775051,64.9277872579571,64.92472585576681,64.93050362023068,64.93123746713056,64.92285419868043,64.74155624470356,64.94085268080055,64.95128493516333,64.94987320527393,64.95535809326816,64.94983041492979,64.9678058450025,64.96848637494361,64.96690482265822,64.96903697644079,64.96625103387328,64.9613197991306,64.96570129564454,64.96198801628235,64.96993763424123,64.97126524938072,64.97192926904304,64.97238348590072,64.96616333471655,64.96019677090179,64.97117476332625,64.96833156728832,64.96880479088847,64.97063182423885,64.97381693512634,64.9698324812451,64.96949052809471,64.97016719723824,64.97032469827344,64.96896360224505,64.96511257803061,64.96796198581218,64.96737685984756,64.96687095467695,64.96901446635906,64.96996717267035,64.97006762655903,64.89096613755144,64.88742374168778,64.89976672434662,64.89993823125621,64.9460349008197,64.94654930203144,64.94655831861186,64.9437489041918,64.94347105937337,64.94461603774181,64.9407689186508,64.94796121893675,64.94073440092367,64.93997837854212,64.93499788860447,64.93625529710204,64.93907672914146,64.93934026777288,64.93300843377072,64.94155475799045,64.94248819823257,64.9273787205907,64.93251859083892,64.94196081736949,64.94234966808854,64.94031637109218,64.9417115115813,64.94028662587722,64.94210626815654,64.9408420196104,64.94203888021809,64.93966498347586,64.94271927607565,64.94077293557478,64.94064641433803,64.93970648952642,64.93937306819805,64.94171966523089,64.92491368327309,64.93897754629299,64.94112534400712,64.93996979375774,64.94300644427258,64.94254986180945]"
,,,,,
two_bar_plane_truss,0.004874585190649214,0.013161471372004602,10,1,1,1,1
"[0.004873809282663086,0.004873299102772004,0.004873563845230858,0.004873597607196092,0.004874230157439111,0.004874230157439111,0.004874230115737737,0.004874585190649214,0.004874585190649214,0.004874585190649214,0.004874585190649214,0.004874585190649214,0.004874585190649214,0.004874585190649214,0.004874585190649214,0.004874585190649214,0.004874585190649214,0.004874585190649214,0.004874585190649214,0.004874585190649214,0.004874585190649214,0.004874585190649214,0.004874585190649214,0.004874585190649214,0.004874585190649214,0.004874585190649214,0.004874585190649214,0.004874585190649214,0.004874585190649214,0.004874585190649214,0.004874585190649214,0.004874585190649214,0.004874585190649214,0.004874585190649214,0.004874585190649214,0.004874585190649214,0.004874585190649214,0.004874585190649214,0.004874585190649214,0.004874585190649214,0.004874585190649214,0.004874585190649214,0.004874585190649214,0.004874585190649214,0.004874585190649214,0.004874585190649214,0.004874585190649214,0.004874585190649214,0.004874585190649214,0.004874585190649214,0.004874585190649214,0.004874585190649214,0.004874585190649214,0.004874585190649214,0.004874585190649214,0.004874585190649214,0.004874585190649214,0.004874585190649214,0.004874585190649214,0.004874585190649214,0.004874585190649214,0.004874585190649214,0.004874585190649214,0.004874585190649214,0.004874585190649214,0.004874585190649214,0.004874585190649214,0.004874585190649214,0.004874585190649214,0.004874585190649214,0.004874585190649214,0.004874585190649214,0.004874585190649214,0.004874585190649214,0.004874585190649214,0.004874585190649214,0.004874585190649214,0.004874585190649214,0.004874585190649214,0.004874585190649214,0.004874585190649214,0.004874585190649214,0.004874585190649214,0.004874585190649214,0.004874585190649214,0.004874585190649214,0.004874585190649214,0.004874585190649214,0.004874585190649214,0.004874585190649214,0.004874585190649214,0.004874585190649214,0.004874585190649214,0.004874585190649214,0.004874585190649214,0.004874585190649214,0.004874585190649214,0.004874585190649214,0.004874585190649214,0.004874585190649214]"
,,,,,
water_tesource_management,4.422238507668925e25,0.042429434098303326,11,1,1,1,1
"[4.392677699313175e25,4.391495987385562e25,4.367347291311582e25,4.3650458862758605e25,4.369333189093669e25,4.388777594147806e25,4.374232383036352e25,4.3829517354781045e25,4.359136562642957e25,4.385536739060759e25,4.383853755349291e25,4.391102706228364e25,4.340933575033753e25,4.328167667500888e25,4.34126847702339e25,4.3278133044486525e25,4.321250555025379e25,4.365796421624504e25,4.386754571071118e25,4.3852647705018525e25,4.395639484286757e25,4.388761424885122e25,4.384460069750547e25,4.392223290091408e25,4.380259713247374e25,4.41361058827577e25,4.391855907464991e25,4.41159114262142e25,4.399759951313378e25,4.4080226348767635e25,4.40423038097616e25,4.420314304199285e25,4.400419195494888e25,4.366175404537927e25,4.389700094309112e25,4.409837197321535e25,4.3663409728864935e25,4.353851842685103e25,4.348314813243236e25,4.357871384626258e25,4.36882678735395e25,4.370013715689795e25,4.3648187911690325e25,4.368955328641727e25,4.365405002336489e25,4.3978927793451865e25,4.404969006665368e25,4.3671030349606265e25,4.371491002544117e25,4.366007072106194e25,4.35388920091074e25,4.366975772739807e25,4.365512347596993e25,4.340031031523297e25,4.357912410275322e25,4.363088254087946e25,4.35875806361369e25,4.4024159235206585e25,4.365014205041904e25,4.374914222178112e25,4.3705858798185e25,4.363521580165634e25,4.388971768484427e25,4.400731755420518e25,4.4125364347695335e25,4.405485150422059e25,4.4062448834262915e25,4.401558621596368e25,4.392952521149384e25,4.392605911581867e25,4.3939502444778765e25,4.389376068984769e25,4.394039981110027e25,4.38332610027912e25,4.412134138546221e25,4.402873435562337e25,4.41261491001841e25,4.405395650688578e25,4.410886766196632e25,4.416600703328427e25,4.407288166217599e25,4.415847326225744e25,4.422238507668925e25,4.4051952875277795e25,4.401471608379316e25,4.384127695164555e25,4.359182729178897e25,4.395449975749077e25,4.358260581797925e25,4.378645787401984e25,4.393359678127935e25,4.375725881313246e25,4.3888272677914244e25,4.383093125697844e25,4.379339125007868e25,4.377294880964731e25,4.386043548034626e25,4.405065842492685e25,4.404847869796206e25,4.397457281304804e25]"
,,,,,
simply_supported_I_beam_design,96.77478289931372,0.03789262927137316,12,1,1,1,1
"[96.72021830424946,96.7260858081138,96.74125168026076,96.75158345535652,96.74459342057312,96.77080381439072,96.77072638755732,96.76352684825724,96.76521218491156,96.76349418941788,96.76663539058069,96.77091521671139,96.75849349612285,96.75816059185277,96.7679062652457,96.7717966615152,96.77100835362322,96.77390535393607,96.77166115124416,96.77183997926753,96.77287010314393,96.77282710605515,96.77478289931372,96.77390760792449,96.77211097934864,96.77448340423447,96.77246457075489,96.77187700659249,96.77187700659249,96.77187700659249,96.77187700659249,96.77187700659249,96.77187700659249,96.77187700659249,96.77187700659249,96.77187700659249,96.77187700659249,96.77187700659249,96.77187700659249,96.77187700659249,96.77187700659249,96.77187700659249,96.77187700659249,96.77187700659249,96.77187700659249,96.77187700659249,96.77187700659249,96.77187700659249,96.77187700659249,96.77187700659249,96.77187700659249,96.77187700659249,96.77187700659249,96.77187700659249,96.77187700659249,96.77187700659249,96.77187700659249,96.77187700659249,96.77187700659249,96.77187700659249,96.77187700659249,96.77187700659249,96.77187700659249,96.77187700659249,96.77187700659249,96.77187700659249,96.77187700659249,96.77187700659249,96.77187700659249,96.77187700659249,96.77187700659249,96.77187700659249,96.77187700659249,96.77187700659249,96.77187700659249,96.77187700659249,96.77187700659249,96.77187700659249,96.77187700659249,96.77187700659249,96.77187700659249,96.77187700659249,96.77187700659249,96.77187700659249,96.77187700659249,96.77187700659249,96.77187700659249,96.77187700659249,96.77187700659249,96.77187700659249,96.77187700659249,96.77187700659249,96.77187700659249,96.77187700659249,96.77187700659249,96.77187700659249,96.77187700659249,96.77187700659249,96.77187700659249,96.77187700659249]"
,,,,,
gear_box_design,2.6785412404330935e9,0.07934667761670426,13,1,1,1,1
"[2.6785412404330935e9,2.6612749034251947e9,2.6600672336584835e9,2.6623042048107185e9,2.6689228824006596e9,2.672285176369713e9,2.668753517104766e9,2.6560871866473866e9,2.6721471063480706e9,2.669446044319334e9,2.672146177503372e9,2.670311092766969e9,2.6730774711827216e9,2.670467574840337e9,2.672336173417961e9,2.673378293301221e9,2.6733867240442233e9,2.6717684726610155e9,2.6721199581685667e9,2.6721103048314924e9,2.672255021238773e9,2.6728732303768682e9,2.6728213877733965e9,2.6718983614088297e9,2.671913074524186e9,2.671913074524186e9,2.668040197057559e9,2.6669756679492035e9,2.669628468418966e9,2.6699788953785343e9,2.67012715719282e9,2.6603700038591557e9,2.6614330027015886e9,2.661477746621597e9,2.662914702250139e9,2.6716654499841022e9,2.6717213990507174e9,2.6717030332798834e9,2.6717951487499113e9,2.6717951487499113e9,2.6717951487499113e9,2.6717951487499113e9,2.6717951487499113e9,2.6717951487499113e9,2.6717951487499113e9,2.6717951487499113e9,2.6717951487499113e9,2.6717951487499113e9,2.6717951487499113e9,2.6717951487499113e9,2.6717951487499113e9,2.6717951487499113e9,2.6717951487499113e9,2.6717951487499113e9,2.6717951487499113e9,2.6717951487499113e9,2.6717951487499113e9,2.6717951487499113e9,2.6717951487499113e9,2.6717951487499113e9,2.6717951487499113e9,2.6717951487499113e9,2.6717951487499113e9,2.6717951487499113e9,2.6717951487499113e9,2.6717951487499113e9,2.6717951487499113e9,2.6717951487499113e9,2.6717951487499113e9,2.6717951487499113e9,2.6717951487499113e9,2.6717951487499113e9,2.6717951487499113e9,2.6717951487499113e9,2.6717951487499113e9,2.6717951487499113e9,2.6717951487499113e9,2.6717951487499113e9,2.6717951487499113e9,2.6717951487499113e9,2.6717951487499113e9,2.6717951487499113e9,2.6717951487499113e9,2.6717951487499113e9,2.6717951487499113e9,2.6717951487499113e9,2.6717951487499113e9,2.6717951487499113e9,2.6717951487499113e9,2.6717951487499113e9,2.6717951487499113e9,2.6717951487499113e9,2.6717951487499113e9,2.6717951487499113e9,2.6717951487499113e9,2.6717951487499113e9,2.6717951487499113e9,2.6717951487499113e9,2.6717951487499113e9,2.6717951487499113e9]"
,,,,,
multiple_disk_clutch_brake_design,0.028191852081893096,0.07025223669130355,14,1,1,1,1
"[0.028020427624455328,0.028125086290582912,0.028141708516065244,0.02815802804907603,0.028168449719564413,0.02817235498122935,0.028174878426805605,0.028175325975868193,0.02817420535803386,0.028177679104708385,0.028176037826428017,0.02817678505508627,0.028177843296712017,0.028173206216062043,0.02817745724610545,0.02817486881716455,0.028187894452699085,0.028188735255792165,0.02818418511757069,0.02818802603456201,0.028188938974296106,0.028183666273535607,0.028183597748277577,0.028185974419735874,0.028187773728796543,0.0281838059457927,0.028187924716561133,0.02818689859953636,0.0281901199404578,0.028190007847563696,0.028191097619495835,0.028187881464482204,0.02819041787793211,0.02819161625187385,0.028191708988572865,0.02818878935310176,0.028187820568378808,0.0281908198177742,0.028191466433535775,0.02819070246409824,0.028186692615711294,0.028187583117273114,0.028189530746704994,0.028188560418352923,0.028187017844386743,0.02818801767815981,0.02818802414735233,0.028183309361926874,0.028189597266009912,0.028190891809975506,0.02818873372560863,0.02818911400273494,0.0281912862550764,0.02818938573153596,0.028188997620107632,0.028190988787665287,0.028191148133707686,0.0281913023067224,0.0281913526022737,0.028190221697050526,0.02818418428092998,0.028191852081893096,0.028189165688256287,0.028187975412975123,0.028189267874255054,0.028189507864913907,0.02818953850021511,0.028189057731871955,0.028189395248299814,0.028189616408712537,0.028189391533634634,0.02818932864116184,0.028189328742693684,0.028189328742693705,0.028189328742693705,0.028189328742693705,0.028189328742693705,0.028189328742693705,0.028189328742693705,0.028189328742693705,0.028189328742693705,0.028189328742693705,0.028189328742693705,0.028189328742693705,0.028189328742693705,0.028189328742693705,0.028189328742693705,0.028189328742693705,0.028189328742693705,0.028189328742693705,0.028189328742693705,0.028189328742693705,0.028189328742693705,0.028189328742693705,0.028189328742693705,0.028189328742693705,0.028189328742693705,0.028189328742693705,0.028189328742693705,0.028189328742693705]"
,,,,,
spring_design,3.5524376850400674e6,0.09432137720286847,15,1,1,1,1
"[3.499447595328605e6,3.5393175945134703e6,3.5499506322921994e6,3.551150146528331e6,3.5517312565597505e6,3.5520337501616846e6,3.552210792097899e6,3.5522697962399065e6,3.5523867659330876e6,3.5524376850400674e6,3.5524376850400674e6,3.5524376850400674e6,3.5524376850400674e6,3.5524376850400674e6,3.5524376850400674e6,3.5524376850400674e6,3.5524376850400674e6,3.5524376850400674e6,3.5524376850400674e6,3.5524376850400674e6,3.5524376850400674e6,3.5524376850400674e6,3.5524376850400674e6,3.5524376850400674e6,3.5524376850400674e6,3.5524376850400674e6,3.5524376850400674e6,3.5524376850400674e6,3.5524376850400674e6,3.5524376850400674e6,3.5524376850400674e6,3.5524376850400674e6,3.5524376850400674e6,3.5524376850400674e6,3.5524376850400674e6,3.5524376850400674e6,3.5524376850400674e6,3.5524376850400674e6,3.5524376850400674e6,3.5524376850400674e6,3.5524376850400674e6,3.5524376850400674e6,3.5524376850400674e6,3.5524376850400674e6,3.5524376850400674e6,3.5524376850400674e6,3.5524376850400674e6,3.5524376850400674e6,3.5524376850400674e6,3.5524376850400674e6,3.5524376850400674e6,3.5524376850400674e6,3.5524376850400674e6,3.5524376850400674e6,3.5524376850400674e6,3.5524376850400674e6,3.5524376850400674e6,3.5524376850400674e6,3.5524376850400674e6,3.5524376850400674e6,3.5524376850400674e6,3.5524376850400674e6,3.5524376850400674e6,3.5524376850400674e6,3.5524376850400674e6,3.5524376850400674e6,3.5524376850400674e6,3.5524376850400674e6,3.5524376850400674e6,3.5524376850400674e6,3.5524376850400674e6,3.5524376850400674e6,3.5524376850400674e6,3.5524376850400674e6,3.5524376850400674e6,3.5524376850400674e6,3.5524376850400674e6,3.5524376850400674e6,3.5524376850400674e6,3.5524376850400674e6,3.5524376850400674e6,3.5524376850400674e6,3.5524376850400674e6,3.5524376850400674e6,3.5524376850400674e6,3.5524376850400674e6,3.5524376850400674e6,3.5524376850400674e6,3.5524376850400674e6,3.5524376850400674e6,3.5524376850400674e6,3.5524376850400674e6,3.5524376850400674e6,3.5524376850400674e6,3.5524376850400674e6,3.5524376850400674e6,3.5524376850400674e6,3.5524376850400674e6,3.5524376850400674e6,3.5524376850400674e6]"
,,,,,
cantilever_beam_design,0.04069914891078528,0.037841202483978126,16,1,1,1,1
"[0.04069914891078528,0.04066142435796683,0.0406611978820684,0.04066156872272043,0.04065878075107016,0.040661496017187077,0.040667677171119354,0.04062220572678763,0.04062608960845787,0.04065365730045116,0.04064322941470627,0.04064322920940766,0.040641402489218235,0.040641402489218235,0.040641402489218235,0.040641402489218235,0.040641402489218235,0.040641402489218235,0.040641402489218235,0.040641402489218235,0.040641402489218235,0.040641402489218235,0.040641402489218235,0.040641402489218235,0.040641402489218235,0.040641402489218235,0.040641402489218235,0.040641402489218235,0.040641402489218235,0.040641402489218235,0.040641402489218235,0.040641402489218235,0.040641402489218235,0.040641402489218235,0.040641402489218235,0.040641402489218235,0.040641402489218235,0.040641402489218235,0.040641402489218235,0.040641402489218235,0.040641402489218235,0.040641402489218235,0.040641402489218235,0.040641402489218235,0.040641402489218235,0.040641402489218235,0.040641402489218235,0.040641402489218235,0.040641402489218235,0.040641402489218235,0.040641402489218235,0.040641402489218235,0.040641402489218235,0.040641402489218235,0.040641402489218235,0.040641402489218235,0.040641402489218235,0.040641402489218235,0.040641402489218235,0.040641402489218235,0.040641402489218235,0.040641402489218235,0.040641402489218235,0.040641402489218235,0.040641402489218235,0.040641402489218235,0.040641402489218235,0.040641402489218235,0.040641402489218235,0.040641402489218235,0.040641402489218235,0.040641402489218235,0.040641402489218235,0.040641402489218235,0.040641402489218235,0.040641402489218235,0.040641402489218235,0.040641402489218235,0.040641402489218235,0.040641402489218235,0.040641402489218235,0.040641402489218235,0.040641402489218235,0.040641402489218235,0.040641402489218235,0.040641402489218235,0.040641402489218235,0.040641402489218235,0.040641402489218235,0.040641402489218235,0.040641402489218235,0.040641402489218235,0.040641402489218235,0.040641402489218235,0.040641402489218235,0.040641402489218235,0.040641402489218235,0.040641402489218235,0.040641402489218235,0.040641402489218235]"
,,,,,
bulk_carriers_design,4.7050131000206036e30,0.1,17,56,79,112,137
"[6.3879492455020136e16,2.9973556924477936e19,2.9973721893408764e19,2.9973684662983352e19,6.101852226053757e19,6.102019867326716e19,1.4426560153012791e20,3.016310224155097e21,1.5541620361798219e22,5.92445877793057e23,5.9244587782091745e23,4.071383662734475e25,4.271808955068005e25,7.818233798791315e26,1.4730786161733428e27,1.0693211590957088e29,1.568337700006877e30,2.3525065500103094e30,2.3525065500103094e30,4.7050131000206036e30,4.7050131000206036e30,4.7050131000206036e30,4.7050131000206036e30,4.7050131000206036e30,4.7050131000206036e30,4.7050131000206036e30,4.7050131000206036e30,4.7050131000206036e30,4.7050131000206036e30,4.7050131000206036e30,4.7050131000206036e30,4.7050131000206036e30,4.7050131000206036e30,4.7050131000206036e30,4.7050131000206036e30,4.7050131000206036e30,4.7050131000206036e30,4.7050131000206036e30,4.7050131000206036e30,4.7050131000206036e30,4.7050131000206036e30,4.7050131000206036e30,4.7050131000206036e30,4.7050131000206036e30,4.7050131000206036e30,4.7050131000206036e30,4.7050131000206036e30,4.7050131000206036e30,4.7050131000206036e30,4.7050131000206036e30,4.7050131000206036e30,4.7050131000206036e30,4.7050131000206036e30,4.7050131000206036e30,4.7050131000206036e30,4.7050131000206036e30,4.7050131000206036e30,4.7050131000206036e30,4.7050131000206036e30,4.7050131000206036e30,4.7050131000206036e30,4.7050131000206036e30,4.7050131000206036e30,4.7050131000206036e30,4.7050131000206036e30,4.7050131000206036e30,4.7050131000206036e30,4.7050131000206036e30,4.7050131000206036e30,4.7050131000206036e30,4.7050131000206036e30,4.7050131000206036e30,4.7050131000206036e30,4.7050131000206036e30,4.7050131000206036e30,4.7050131000206036e30,4.7050131000206036e30,4.7050131000206036e30,4.7050131000206036e30,4.7050131000206036e30,4.7050131000206036e30,4.7050131000206036e30,4.7050131000206036e30,4.7050131000206036e30,4.7050131000206036e30,4.7050131000206036e30,4.7050131000206036e30,4.7050131000206036e30,4.7050131000206036e30,4.7050131000206036e30,4.7050131000206036e30,4.7050131000206036e30,4.7050131000206036e30,4.7050131000206036e30,4.7050131000206036e30,4.7050131000206036e30,4.7050131000206036e30,4.7050131000206036e30,4.7050131000206036e30,4.7050131000206036e30]"
,,,,,
front_rail_design,0.012488795517913825,0.04465641282964498,18,1,1,1,1
"[0.01247856404972246,0.01248166572782253,0.01248560150998982,0.012485161320759157,0.01248769387810006,0.0124871752123541,0.012487757328512927,0.012487112162209732,0.012488004423440493,0.012488793808430059,0.012487086691553136,0.012488688539135106,0.012488720241238531,0.012488720241252181,0.012488795504628572,0.012488795517913825,0.01248837333778322,0.01248837333778322,0.01248837333778322,0.01248837333778322,0.01248837333778322,0.01248837333778322,0.01248837333778322,0.01248837333778322,0.01248837333778322,0.01248837333778322,0.01248837333778322,0.01248837333778322,0.01248837333778322,0.01248837333778322,0.01248837333778322,0.01248837333778322,0.01248837333778322,0.01248837333778322,0.01248837333778322,0.01248837333778322,0.01248837333778322,0.01248837333778322,0.01248837333778322,0.01248837333778322,0.01248837333778322,0.01248837333778322,0.01248837333778322,0.01248837333778322,0.01248837333778322,0.01248837333778322,0.01248837333778322,0.01248837333778322,0.01248837333778322,0.01248837333778322,0.01248837333778322,0.01248837333778322,0.01248837333778322,0.01248837333778322,0.01248837333778322,0.01248837333778322,0.01248837333778322,0.01248837333778322,0.01248837333778322,0.01248837333778322,0.01248837333778322,0.01248837333778322,0.01248837333778322,0.01248837333778322,0.01248837333778322,0.01248837333778322,0.01248837333778322,0.01248837333778322,0.01248837333778322,0.01248837333778322,0.01248837333778322,0.01248837333778322,0.01248837333778322,0.01248837333778322,0.01248837333778322,0.01248837333778322,0.01248837333778322,0.01248837333778322,0.01248837333778322,0.01248837333778322,0.01248837333778322,0.01248837333778322,0.01248837333778322,0.01248837333778322,0.01248837333778322,0.01248837333778322,0.01248837333778322,0.01248837333778322,0.01248837333778322,0.01248837333778322,0.01248837333778322,0.01248837333778322,0.01248837333778322,0.01248837333778322,0.01248837333778322,0.01248837333778322,0.01248837333778322,0.01248837333778322,0.01248837333778322,0.01248837333778322]"
,,,,,
multi_product_batch_plant,2.138263414039944e13,0.06010530275991186,19,1,1,1,1
"[1.9271099571906855e13,1.9830780263459473e13,2.007966885691059e13,2.0155846068737535e13,2.033237023615007e13,2.0491780346910258e13,2.063657629820691e13,2.0651004031863816e13,2.070769763160475e13,2.0723605194706434e13,2.0836061267026777e13,2.0954848050530906e13,2.100343015159913e13,2.1020668114713734e13,2.1044996287550734e13,2.1067399363765305e13,2.1114669841494797e13,2.1161774998513516e13,2.1171107138897375e13,2.1196987265020016e13,2.1202967437843766e13,2.1228936530391293e13,2.123055629941573e13,2.1246573332779168e13,2.1249497232527523e13,2.126458747373654e13,2.1275130221629938e13,2.128400044450885e13,2.1279616011783773e13,2.1280278582885656e13,2.129885475930533e13,2.1311576142114082e13,2.131085420961721e13,2.131291357384596e13,2.131019733373661e13,2.1317549157787508e13,2.132182785392787e13,2.1320602699933094e13,2.1322533868136156e13,2.132264196427632e13,2.132411273589358e13,2.13288930731483e13,2.1334898969485746e13,2.133361610594401e13,2.133678419697188e13,2.133934828587752e13,2.1351814028035684e13,2.1361590706326145e13,2.136132150000379e13,2.1367166976359312e13,2.137308402738525e13,2.137186019368575e13,2.137614446609612e13,2.137614446609612e13,2.138096632168575e13,2.138263414039944e13,2.1382181737915414e13,2.1382584320247836e13,2.1382584320247836e13,2.1382584320247836e13,2.1382584320247836e13,2.1382584320247836e13,2.1382584320247836e13,2.1382584320247836e13,2.1382584320247836e13,2.1382584320247836e13,2.1382584320247836e13,2.1382584320247836e13,2.1382584320247836e13,2.1382584320247836e13,2.1382584320247836e13,2.1382584320247836e13,2.1382584320247836e13,2.1382584320247836e13,2.1382584320247836e13,2.1382584320247836e13,2.1382584320247836e13,2.1382584320247836e13,2.1382584320247836e13,2.1382584320247836e13,2.1382584320247836e13,2.1382584320247836e13,2.1382584320247836e13,2.1382584320247836e13,2.1382584320247836e13,2.1382584320247836e13,2.1382584320247836e13,2.1382584320247836e13,2.1382584320247836e13,2.1382584320247836e13,2.1382584320247836e13,2.1382584320247836e13,2.1382584320247836e13,2.1382584320247836e13,2.1382584320247836e13,2.1382584320247836e13,2.1382584320247836e13,2.1382584320247836e13,2.1382584320247836e13,2.1382584320247836e13]"
,,,,,
hydro_static_thrust_bearing_design,0.3920105817350534,0.04173516357783228,20,1,1,2,2
"[0.32335717633093,0.36215093812903487,0.3687509334450956,0.37318608029957423,0.3751478258311074,0.3793801268299951,0.38444368559328723,0.3844350271096199,0.384486725468492,0.38624573256113,0.3862630386975909,0.3863545158960996,0.38783304735595947,0.38785577104961455,0.3897017976954755,0.38971655072871686,0.3897194313858076,0.38972314049767875,0.38979671450298664,0.3898796368409219,0.38988758763423226,0.390048765031387,0.39005114686937,0.39008585934484474,0.3905051926870063,0.39051194416621465,0.3905153603134637,0.3905168817478453,0.3905460721437884,0.39054690975478973,0.39054871798020313,0.3906095195045109,0.390904243909451,0.3909053334808062,0.39090622271168063,0.39090652619630883,0.391229164123389,0.39182580085677415,0.39182675081095886,0.3918274498538378,0.3918282411575571,0.3918292866091359,0.3919317548895187,0.3919318592087207,0.3919330083842359,0.3919337045204902,0.3919341057891547,0.3919344510902193,0.39193480903594385,0.3919355573234851,0.3919353556778953,0.3919350467528217,0.39193585100713024,0.39193663988509864,0.39193663988509864,0.39193718000079,0.3919372320559531,0.39193793617030337,0.39193827646907314,0.3919388989895545,0.39193912860339636,0.3919390904267781,0.39193985566958,0.3919399471119129,0.39194016745321436,0.3919406133661103,0.39194070630971,0.39200777841486983,0.39200834996537026,0.39200833056428575,0.39200850246867963,0.3920087226949136,0.3920090019464514,0.39200900948410067,0.39200909853526794,0.39200932414557105,0.3920093361964067,0.39200959941147545,0.39200972838543724,0.3920098499582949,0.3920099646001144,0.39201006944991923,0.3920100851431988,0.39201031652216656,0.392010402035147,0.3920105817350534,0.3920105817350534,0.3920105817350534,0.3920105817350534,0.3920105817350534,0.3920105817350534,0.3920105817350534,0.3920105817350534,0.3920105817350534,0.3920105817350534,0.3920105817350534,0.3920105817350534,0.3920105817350534,0.3920105817350534,0.3920105817350534]"
,,,,,
crash_energy_management_for_high_speed_train,0.06214704231113463,0.05223648709943518,21,1,1,1,1
"[0.061722187861811426,0.06193218763673779,0.06200091985433769,0.06204933337381249,0.06206305656923313,0.06206378243155395,0.06209044093715072,0.06209808444879285,0.062108953821180625,0.0621119305242016,0.062121855550829115,0.06212504494464509,0.06212868368347375,0.0621260518199999,0.06213519475444352,0.062120198103853046,0.06213734159232944,0.06212994788013377,0.062138539905229134,0.06212697406305264,0.062139269360318036,0.06214057281753234,0.06213993699470439,0.06213263680960482,0.062138661735167584,0.062139546168687734,0.06214199797943442,0.06213620594418621,0.06213570704052385,0.06214231626412715,0.06214037784731004,0.062141939060722816,0.062145836743179285,0.062140347038440374,0.062139342900868866,0.06214704231113463,0.06214704231113463,0.06214704231113463,0.06214704231113463,0.06214704231113463,0.06214704231113463,0.06214704231113463,0.06214704231113463,0.06214704231113463,0.06214704231113463,0.06214704231113463,0.06214704231113463,0.06214704231113463,0.06214704231113463,0.06214704231113463,0.06214704231113463,0.06214704231113463,0.06214704231113463,0.06214704231113463,0.06214704231113463,0.06214704231113463,0.06214704231113463,0.06214704231113463,0.06214704231113463,0.06214704231113463,0.06214704231113463,0.06214704231113463,0.06214704231113463,0.06214704231113463,0.06214704231113463,0.06214704231113463,0.06214704231113463,0.06214704231113463,0.06214704231113463,0.06214704231113463,0.06214704231113463,0.06214704231113463,0.06214704231113463,0.06214704231113463,0.06214704231113463,0.06214704231113463,0.06214704231113463,0.06214704231113463,0.06214704231113463,0.06214704231113463,0.06214704231113463,0.06214704231113463,0.06214704231113463,0.06214704231113463,0.06214704231113463,0.06214704231113463,0.06214704231113463,0.06214704231113463,0.06214704231113463,0.06214704231113463,0.06214704231113463,0.06214704231113463,0.06214704231113463,0.06214704231113463,0.06214704231113463,0.06214704231113463,0.06214704231113463,0.06214704231113463,0.06214704231113463,0.06214704231113463]"
,,,,,
haverlys_pooling_problem,73423.91381769859,0.03187415931373835,22,14,19,27,33
"[21746.410839568354,73412.56788747241,73417.09277066425,73423.91381769859,73423.29128902535,73423.30397446334,73423.31236418227,73423.30497329505,73423.30497408152,73423.30497408152,73423.30497408152,73423.30497408152,73423.30497408152,73423.30497408152,73423.30497408152,73423.30497408152,73423.30497408152,73423.30497408152,73423.30497408152,73423.30497408152,73423.30497408152,73423.30497408152,73423.30497408152,73423.30497408152,73423.30497408152,73423.30497408152,73423.30497408152,73423.30497408152,73423.30497408152,73423.30497408152,73423.30497408152,73423.30497408152,73423.30497408152,73423.30497408152,73423.30497408152,73423.30497408152,73423.30497408152,73423.30497408152,73423.30497408152,73423.30497408152,73423.30497408152,73423.30497408152,73423.30497408152,73423.30497408152,73423.30497408152,73423.30497408152,73423.30497408152,73423.30497408152,73423.30497408152,73423.30497408152,73423.30497408152,73423.30497408152,73423.30497408152,73423.30497408152,73423.30497408152,73423.30497408152,73423.30497408152,73423.30497408152,73423.30497408152,73423.30497408152,73423.30497408152,73423.30497408152,73423.30497408152,73423.30497408152,73423.30497408152,73423.30497408152,73423.30497408152,73423.30497408152,73423.30497408152,73423.30497408152,73423.30497408152,73423.30497408152,73423.30497408152,73423.30497408152,73423.30497408152,73423.30497408152,73423.30497408152,73423.30497408152,73423.30497408152,73423.30497408152,73423.30497408152,73423.30497408152,73423.30497408152,73423.30497408152,73423.30497408152,73423.30497408152,73423.30497408152,73423.30497408152,73423.30497408152,73423.30497408152,73423.30497408152,73423.30497408152,73423.30497408152,73423.30497408152,73423.30497408152,73423.30497408152,73423.30497408152,73423.30497408152,73423.30497408152,73423.30497408152]"
,,,,,
reactor_network_design,0.1265806942029495,0.050498170386999844,23,1,1,1,1
"[0.1265806942029495,0.12657574911641903,0.12657457647616419,0.12657450608345944,0.1265745000028638,0.12657449990399927,0.1265744999040185,0.12657449990400066,0.12655359845346206,0.12656125566983778,0.1265641932377346,0.126564193137356,0.1265641931372983,0.12656419313729034,0.12656419313729037,0.12656419313729048,0.12654329169083098,0.12654990692724163,0.12654998272803406,0.12654998272784432,0.12654998272784335,0.12654998272784326,0.12654998272784324,0.12654998272784324,0.12654998272784324,0.12654998272784324,0.1265290812870116,0.12653176540776148,0.1265317656240063,0.12653176562435736,0.12653176562435695,0.126531765624357,0.12653176562435542,0.12653176562435542,0.12653176562435542,0.12653176562435542,0.12653176562435542,0.12653176562435542,0.12653176562435542,0.12653176562435542,0.12653176562435542,0.12653176562435542,0.12653176562435542,0.12653176562435542,0.12653176562435542,0.12653176562435542,0.12653176562435542,0.12653176562435542,0.12653176562435542,0.12653176562435542,0.12653176562435542,0.12653176562435542,0.12653176562435542,0.12653176562435542,0.12653176562435542,0.12653176562435542,0.12653176562435542,0.12653176562435542,0.12653176562435542,0.12653176562435542,0.12653176562435542,0.12653176562435542,0.12653176562435542,0.12653176562435542,0.12653176562435542,0.12653176562435542,0.12653176562435542,0.12653176562435542,0.12653176562435542,0.12653176562435542,0.12653176562435542,0.12653176562435542,0.12653176562435542,0.12653176562435542,0.12653176562435542,0.12653176562435542,0.12653176562435542,0.12653176562435542,0.12653176562435542,0.12653176562435542,0.12653176562435542,0.12653176562435542,0.12653176562435542,0.12653176562435542,0.12653176562435542,0.12653176562435542,0.12653176562435542,0.12653176562435542,0.12653176562435542,0.12653176562435542,0.12653176562435542,0.12653176562435542,0.12653176562435542,0.12653176562435542,0.12653176562435542,0.12653176562435542,0.12653176562435542,0.12653176562435542,0.12653176562435542,0.12653176562435542]"
,,,,,
heat_exchanger_network_design,3.264e17,0.09345134377013892,24,2,3,3,4
"[2.5568340722323114e17,2.3929456745876294e17,2.2874830514722253e17,2.2288982902090906e17,2.5870206757997984e17,2.1281446068044755e17,3.061222583037223e17,3.2639999975594816e17,3.264e17,3.264e17,3.264e17,3.264e17,3.264e17,3.264e17,3.264e17,3.264e17,3.264e17,3.264e17,3.264e17,3.264e17,3.264e17,3.264e17,3.264e17,3.264e17,3.264e17,3.264e17,3.264e17,3.264e17,3.264e17,3.264e17,3.264e17,3.264e17,3.264e17,3.264e17,3.264e17,3.264e17,3.264e17,3.264e17,3.264e17,3.264e17,3.264e17,3.264e17,3.264e17,3.264e17,3.264e17,3.264e17,3.264e17,3.264e17,3.264e17,3.264e17,3.264e17,3.264e17,3.264e17,3.264e17,3.264e17,3.264e17,3.264e17,3.264e17,3.264e17,3.264e17,3.264e17,3.264e17,3.264e17,3.264e17,3.264e17,3.264e17,3.264e17,3.264e17,3.264e17,3.264e17,3.264e17,3.264e17,3.264e17,3.264e17,3.264e17,3.264e17,3.264e17,3.264e17,3.264e17,3.264e17,3.264e17,3.264e17,3.264e17,3.264e17,3.264e17,3.264e17,3.264e17,3.264e17,3.264e17,3.264e17,3.264e17,3.264e17,3.264e17,3.264e17,3.264e17,3.264e17,3.264e17,3.264e17,3.264e17,3.264e17]"
,,,,,
process_synthesis,2.158418,0.049500624260399494,25,1,1,1,1
"[2.158418,2.158418,2.158418,2.158418,2.158418,2.158418,2.158418,2.158418,2.158418,2.158418,2.158418,2.158418,2.158418,2.158418,2.158418,2.158418,2.158418,2.158418,2.158418,2.158418,2.158418,2.158418,2.158418,2.158418,2.158418,2.158418,2.158418,2.158418,2.158418,2.158418,2.158418,2.158418,2.158418,2.158418,2.158418,2.158418,2.158418,2.158418,2.158418,2.158418,2.158418,2.158418,2.158418,2.158418,2.158418,2.158418,2.158418,2.158418,2.158418,2.158418,2.158418,2.158418,2.158418,2.158418,2.158418,2.158418,2.158418,2.158418,2.158418,2.158418,2.158418,2.158418,2.158418,2.158418,2.158418,2.158418,2.158418,2.158418,2.158418,2.158418,2.158418,2.158418,2.158418,2.158418,2.158418,2.158418,2.158418,2.158418,2.158418,2.158418,2.158418,2.158418,2.158418,2.158418,2.158418,2.158418,2.158418,2.158418,2.158418,2.158418,2.158418,2.158418,2.158418,2.158418,2.158418,2.158418,2.158418,2.158418,2.158418,2.158418]"
,,,,,
process_sythesis_and_design,0.020459570950256634,0.08826034451602027,26,1,1,1,1
"[0.020459570950256634,0.02045957047684932,0.020459570476835873,0.020459570476835873,0.020459570476835873,0.020459570476835873,0.020459570476835873,0.020459570476835873,0.020459570476835873,0.020459570476835873,0.020459570476835873,0.020459570476835873,0.020459570476835873,0.020459570476835873,0.020459570476835873,0.020459570476835873,0.020459570476835873,0.020459570476835873,0.020459570476835873,0.020459570476835873,0.020459570476835873,0.020459570476835873,0.020459570476835873,0.020459570476835873,0.020459570476835873,0.020459570476835873,0.020459570476835873,0.020459570476835873,0.020459570476835873,0.020459570476835873,0.020459570476835873,0.020459570476835873,0.020459570476835873,0.020459570476835873,0.020459570476835873,0.020459570476835873,0.020459570476835873,0.020459570476835873,0.020459570476835873,0.020459570476835873,0.020459570476835873,0.020459570476835873,0.020459570476835873,0.020459570476835873,0.020459570476835873,0.020459570476835873,0.020459570476835873,0.020459570476835873,0.020459570476835873,0.020459570476835873,0.020459570476835873,0.020459570476835873,0.020459570476835873,0.020459570476835873,0.020459570476835873,0.020459570476835873,0.020459570476835873,0.020459570476835873,0.020459570476835873,0.020459570476835873,0.020459570476835873,0.020459570476835873,0.020459570476835873,0.020459570476835873,0.020459570476835873,0.020459570476835873,0.020459570476835873,0.020459570476835873,0.020459570476835873,0.020459570476835873,0.020459570476835873,0.020459570476835873,0.020459570476835873,0.020459570476835873,0.020459570476835873,0.020459570476835873,0.020459570476835873,0.020459570476835873,0.020459570476835873,0.020459570476835873,0.020459570476835873,0.020459570476835873,0.020459570476835873,0.020459570476835873,0.020459570476835873,0.020459570476835873,0.020459570476835873,0.020459570476835873,0.020459570476835873,0.020459570476835873,0.020459570476835873,0.020459570476835873,0.020459570476835873,0.020459570476835873,0.020459570476835873,0.020459570476835873,0.020459570476835873,0.020459570476835873,0.020459570476835873,0.020459570476835873]"
,,,,,
process_flow_sheeting_problem,1.5573880807207932,0.08297301390673967,27,1,1,1,1
"[1.5573758549317795,1.5573872264194129,1.5573880807207923,1.5573880807207932,1.5573880807207932,1.5573880807207932,1.5573880807207932,1.5573880807207932,1.5573880807207932,1.5573880807207932,1.5573880807207932,1.5573880807207932,1.5573880807207932,1.5573880807207932,1.5573880807207932,1.5573880807207932,1.5573880807207932,1.5573880807207932,1.5573880807207932,1.5573880807207932,1.5573880807207932,1.5573880807207932,1.5573880807207932,1.5573880807207932,1.5573880807207932,1.5573880807207932,1.5573880807207932,1.5573880807207932,1.5573880807207932,1.5573880807207932,1.5573880807207932,1.5573880807207932,1.5573880807207932,1.5573880807207932,1.5573880807207932,1.5573880807207932,1.5573880807207932,1.5573880807207932,1.5573880807207932,1.5573880807207932,1.5573880807207932,1.5573880807207932,1.5573880807207932,1.5573880807207932,1.5573880807207932,1.5573880807207932,1.5573880807207932,1.5573880807207932,1.5573880807207932,1.5573880807207932,1.5573880807207932,1.5573880807207932,1.5573880807207932,1.5573880807207932,1.5573880807207932,1.5573880807207932,1.5573880807207932,1.5573880807207932,1.5573880807207932,1.5573880807207932,1.5573880807207932,1.5573880807207932,1.5573880807207932,1.5573880807207932,1.5573880807207932,1.5573880807207932,1.5573880807207932,1.5573880807207932,1.5573880807207932,1.5573880807207932,1.5573880807207932,1.5573880807207932,1.5573880807207932,1.5573880807207932,1.5573880807207932,1.5573880807207932,1.5573880807207932,1.5573880807207932,1.5573880807207932,1.5573880807207932,1.5573880807207932,1.5573880807207932,1.5573880807207932,1.5573880807207932,1.5573880807207932,1.5573880807207932,1.5573880807207932,1.5573880807207932,1.5573880807207932,1.5573880807207932,1.5573880807207932,1.5573880807207932,1.5573880807207932,1.5573880807207932,1.5573880807207932,1.5573880807207932,1.5573880807207932,1.5573880807207932,1.5573880807207932,1.5573880807207932]"
,,,,,
two_reactor_problem,5141.59445525068,0.05511613441631198,28,1,1,1,1
"[5141.59445525068,5140.5216118199,5140.521489835289,5140.521489934051,5140.521489917173,5140.521489906332,5140.521489939809,5140.5214899398015,5140.5214899398015,5140.5214899398015,5140.5214899398015,5140.5214899398015,5140.5214899398015,5140.5214899398015,5140.5214899398015,5140.5214899398015,5140.5214899398015,5140.5214899398015,5140.5214899398015,5140.5214899398015,5140.5214899398015,5140.5214899398015,5140.5214899398015,5140.5214899398015,5140.5214899398015,5140.5214899398015,5140.5214899398015,5140.5214899398015,5140.5214899398015,5140.5214899398015,5140.5214899398015,5140.5214899398015,5140.5214899398015,5140.5214899398015,5140.5214899398015,5140.5214899398015,5140.5214899398015,5140.5214899398015,5140.5214899398015,5140.5214899398015,5140.5214899398015,5140.5214899398015,5140.5214899398015,5140.5214899398015,5140.5214899398015,5140.5214899398015,5140.5214899398015,5140.5214899398015,5140.5214899398015,5140.5214899398015,5140.5214899398015,5140.5214899398015,5140.5214899398015,5140.5214899398015,5140.5214899398015,5140.5214899398015,5140.5214899398015,5140.5214899398015,5140.5214899398015,5140.5214899398015,5140.5214899398015,5140.5214899398015,5140.5214899398015,5140.5214899398015,5140.5214899398015,5140.5214899398015,5140.5214899398015,5140.5214899398015,5140.5214899398015,5140.5214899398015,5140.5214899398015,5140.5214899398015,5140.5214899398015,5140.5214899398015,5140.5214899398015,5140.5214899398015,5140.5214899398015,5140.5214899398015,5140.5214899398015,5140.5214899398015,5140.5214899398015,5140.5214899398015,5140.5214899398015,5140.5214899398015,5140.5214899398015,5140.5214899398015,5140.5214899398015,5140.5214899398015,5140.5214899398015,5140.5214899398015,5140.5214899398015,5140.5214899398015,5140.5214899398015,5140.5214899398015,5140.5214899398015,5140.5214899398015,5140.5214899398015,5140.5214899398015,5140.5214899398015,5140.5214899398015]"
,,,,,
process_synthesis_problem,241.0110252526245,0.06791459255618974,29,1,1,1,1
"[240.41182784477996,240.91223115041583,240.93298616120683,240.952632878807,240.98690910235712,240.9900973849887,240.99054453786326,240.99393457241604,241.01000594464028,241.0110237729872,241.01102525149778,241.01102525262382,241.0110252526245,241.0110252526245,241.0110252526245,241.0110252526245,241.0110252526245,241.0110252526245,241.0110252526245,241.0110252526245,241.0110252526245,241.0110252526245,241.0110252526245,241.0110252526245,241.0110252526245,241.0110252526245,241.0110252526245,241.0110252526245,241.0110252526245,241.0110252526245,241.0110252526245,241.0110252526245,241.0110252526245,241.0110252526245,241.0110252526245,241.0110252526245,241.0110252526245,241.0110252526245,241.0110252526245,241.0110252526245,241.0110252526245,241.0110252526245,241.0110252526245,241.0110252526245,241.0110252526245,241.0110252526245,241.0110252526245,241.0110252526245,241.0110252526245,241.0110252526245,241.0110252526245,241.0110252526245,241.0110252526245,241.0110252526245,241.0110252526245,241.0110252526245,241.0110252526245,241.0110252526245,241.0110252526245,241.0110252526245,241.0110252526245,241.0110252526245,241.0110252526245,241.0110252526245,241.0110252526245,241.0110252526245,241.0110252526245,241.0110252526245,241.0110252526245,241.0110252526245,241.0110252526245,241.0110252526245,241.0110252526245,241.0110252526245,241.0110252526245,241.0110252526245,241.0110252526245,241.0110252526245,241.0110252526245,241.0110252526245,241.0110252526245,241.0110252526245,241.0110252526245,241.0110252526245,241.0110252526245,241.0110252526245,241.0110252526245,241.0110252526245,241.0110252526245,241.0110252526245,241.0110252526245,241.0110252526245,241.0110252526245,241.0110252526245,241.0110252526245,241.0110252526245,241.0110252526245,241.0110252526245,241.0110252526245,241.0110252526245]"
,,,,,
SOPWM_for_3_level_invereters,297.4331512412465,0.06090241184225306,30,1,1,1,1
"[295.112053975495,296.17874820232475,296.2807998406029,296.40761986733304,296.44552681623026,296.44563178149514,296.45674379239716,296.4731766399906,296.54190037073016,296.6403340093883,296.68660934061495,296.7777295447899,296.92592637881745,297.030733206614,297.0577309949097,297.0635122164962,297.1163178262598,297.1438119889615,297.1718489864171,297.17263585080843,297.1720188978597,297.2121750214808,297.21219113127063,297.22762439970325,297.22763595035104,297.22765149732186,297.2276657287128,297.2276821720681,297.2394997262988,297.2535421330306,297.25705450112235,297.2570564538698,297.2584474120434,297.25949501424947,297.26850199316095,297.26850390302695,297.3008350222292,297.3039997133292,297.3147121213765,297.3175000478896,297.3319869854933,297.34694306591905,297.35645943402835,297.3564606861368,297.3564616855246,297.35646288135484,297.3643264475771,297.364327208381,297.3643278838499,297.3643282951546,297.36432872835377,297.3643292533932,297.3643297220898,297.3643301088698,297.3643306191833,297.3643310162499,297.3725977010037,297.37259862483705,297.3725994318871,297.3726000087206,297.3726013647802,297.3726020752168,297.37260332606434,297.3726041191512,297.3726044428637,297.3727406397699,297.37274211464745,297.37274361657444,297.37399665049395,297.38749449394015,297.3874952916622,297.3961733919749,297.3961758361395,297.40662781183136,297.406629028573,297.40663077021605,297.4067224462372,297.40672359860866,297.40984193398714,297.41656166389663,297.4165639567974,297.41656690925385,297.4165683405184,297.4165697495213,297.41657086974357,297.41657118726454,297.4165719987112,297.416572640797,297.4165732651428,297.42859122325996,297.42859162864806,297.4285921170273,297.4331454242104,297.4331456388227,297.4331458659628,297.4331464728661,297.4331475614516,297.43314891970385,297.4331499480517,297.4331512412465]"
,,,,,
SOPWM_for_5_level_Inverters,296.6944344753642,0.09669890074525028,31,1,1,1,1
"[284.5445435902615,279.28195742796015,281.4323682726199,282.84603716919065,270.9870134754284,272.39825675998094,276.27580158888895,269.6405979227153,277.111941079439,253.4653608500326,274.12254368639606,294.318760494683,295.79286485104484,296.2223988760444,296.38335475927437,296.4288290307061,296.60737116862475,296.63861267162656,296.6806227179597,296.6806545836269,296.6806766567915,296.68069172477124,296.6807131846854,296.6807208864767,296.6807416431913,296.6807568840925,296.680766585263,296.68077673526136,296.67427869886507,296.6742821674131,296.6742888910882,296.67429251708063,296.67429434750284,296.67429975214316,296.6743030754181,296.67430557900457,296.67430988419414,296.67431393239275,296.6743132585183,296.6743165028246,296.6756424815625,296.67564392419484,296.67564505760294,296.6756460560016,296.67564528479573,296.675646537318,296.67564825575795,296.6756481197612,296.67565068754755,296.6756497995637,296.67565033280806,296.67823715236796,296.67823796944776,296.67823872480625,296.6782400043468,296.6782412640589,296.68760635036057,296.68760612722303,296.68760521926407,296.6876068490904,296.6876071324022,296.6876074559234,296.68760774067084,296.6876077523799,296.6876080281453,296.687609378179,296.6876085551898,296.687606966357,296.6900892313175,296.6900891661314,296.6900892008917,296.69008999636753,296.69009041767373,296.690090746628,296.6900929619369,296.6900946308001,296.69009394055547,296.69009467903413,296.69443156523295,296.6944314431139,296.6944328609881,296.69443239271203,296.6944338669296,296.69443373058056,296.6944338058202,296.69443431574797,296.6944344753642,296.6944336803095,296.6944336803095,296.6944336803095,296.6944336803095,296.6944336803095,296.6944336803095,296.6944336803095,296.6944336803095,296.6944336803095,296.6944336803095,296.6944336803095,296.6944336803095,296.6944336803095]"
,,,,,
SOPWM_for_7_level_inverters,296.54535034907053,0.09081379105802626,32,2,3,4,5
"[259.56245106383375,260.82169974288746,260.39855229759746,257.9002923169578,240.62076435801507,259.3325366331391,253.66528753376755,259.44350479030373,227.25253002597083,215.24920866395465,251.4325739243558,241.9429710807802,246.91355185910902,217.1916189432834,279.61915740011744,257.28201836674435,246.46448316358737,265.6315687809396,255.52713878640975,241.96240017999887,250.82204906464096,258.5325537676084,247.5781901406252,246.419825142404,266.7470217112271,294.5034511201667,295.12717914028957,295.4254481701157,295.5689625739788,295.60341922317383,281.54494611920467,249.13582293673292,266.8725248117105,278.2798793867046,293.7406411408197,295.9900906491684,295.9908655464177,296.23357204333854,296.27228213536046,296.3001294791035,296.30014124453197,296.3001487338417,296.30015433046066,296.3814803365333,296.37783678536283,296.370448545648,296.38567226070586,296.38567464419947,296.3651805355462,289.05798229282726,295.1918565820446,295.62907720858436,295.7851300726559,295.80609454484534,295.8061039887904,295.93585477956475,296.1946063097276,296.3109434508695,296.42625337472543,296.44091135862203,296.4409166303734,296.4574305278599,296.45743578348305,296.45743925629534,296.4574431794564,296.45744512248945,296.4574462020804,296.4574475210345,296.4934192273726,296.4934213742418,296.4934214512581,296.4934245946902,296.49342650957016,296.4883297538166,296.488330304653,296.4883324496225,296.48833359629117,296.4950773311224,296.49507800146523,296.49508064733493,296.4950810779604,296.4950816568517,296.4950821734477,296.5421715934886,296.5421715845091,296.5421715783807,296.542172192726,296.5421716639852,296.54217200017604,296.5421729088812,296.5421729483892,296.5449142018564,296.544914535437,296.5449154756473,296.5453484708815,296.5453486980136,296.5453493484101,296.54535034907053,296.54534938974257,296.54535021677395]"
,,,,,
SOPWM_for_9_level_inverters,281.9808931646234,0.08429618597496302,33,7,9,13,15
"[196.60332241979006,183.13902115692804,174.11917648866938,175.30848257342407,191.5495199309755,163.64484506710147,186.64005670727903,180.16945564556022,173.1613181606181,181.00258180875326,261.85718155169445,268.66840805786325,275.69479015373184,279.7144429635855,281.9808931646234,228.98850218774248,221.925779650779,234.90801364675488,206.36230295342156,221.1965979559991,226.8404000443892,215.8928645120256,222.41029119486896,223.79776518393356,222.516014951113,218.86966156890833,216.11638610629333,196.92721690219548,179.27423698156093,198.80547231092817,247.40193024706016,261.92839348951435,267.0585816675653,227.63004879567745,236.86837493843103,210.5275894766707,246.54485641958746,243.02599910903564,246.69170424501743,264.2577617699917,244.61034767618062,246.04687812797488,264.6067155453784,265.9229151244451,266.9845449814511,267.68465268255795,267.56739971853494,267.8731848141878,268.1837615994914,268.3777957013685,269.1259129915297,269.177593382831,269.2569169792784,269.178307939603,269.18301105316357,269.3746880665843,269.3369427018604,269.47088345242815,269.5921835374386,269.67188359398773,269.70686294693706,269.70817370513265,269.7329399410822,269.73360794823583,269.73121732245977,269.7315421381362,269.78029328863204,269.7350542109342,269.80092963327775,269.81818032304875,269.8183645096746,269.83071696732975,269.84067823891337,269.840797530793,269.84099257894724,269.84262974441856,269.8442603361888,269.844387850899,269.84510303077263,269.8451859266706,269.93506120707934,269.93515521822394,269.93555808761676,269.93568898637886,269.9356008492678,269.9356987224493,269.9416765497998,269.9418520207099,269.94199517343316,269.94200094042145,269.9419669635702,269.9420188440867,269.9466543030682,269.94661642193347,269.9466759647508,269.94667254138136,269.94667254138136,269.94667254138136,269.94667254138136,269.94667254138136]"
,,,,,
SOPWM_for_11_level_inverters,279.8060380379035,0.0389307828899473,34,16,22,31,38
"[222.08485568081505,195.04954428397906,204.6332926523394,188.14694325393504,203.40412476234596,177.50860521897752,197.52190547843938,204.18045023931512,210.13045830670293,180.98785686174423,245.91949880006155,270.07589480789215,270.6394945710493,271.1471535471033,271.2227071990628,271.23227070081793,259.7479650360511,260.6542468108279,251.9431308490527,246.59117692482357,268.4094494484234,269.8583245017999,271.00942822183,273.22662486888896,274.67260862978287,275.26640680992136,276.2063349462305,276.80342070646236,276.822369453615,276.82345593458984,277.0648737080526,277.11185374869376,277.76610252644895,278.0620686266443,278.09207864095333,278.0933987629041,278.3875671443449,278.388237851541,278.3890377785797,278.389971173127,278.46745009454304,278.6407501534902,278.9191954423452,279.4145831153382,279.4161840077846,279.54858244053037,279.48836308288753,279.48938786721584,279.48974882707415,279.49354856021665,279.49559472003506,279.5055594270874,279.50767431577145,279.50872295748405,279.509051745982,279.5090993305698,279.5093190114396,279.51024088954165,279.51033091723326,279.5104062470069,279.51097619534863,279.51501948382366,279.51522057973614,279.5155881431938,279.51594291685086,279.5224539214854,279.54310425949313,279.5158874772183,279.5455703162246,279.57167570029554,279.5743914630299,279.5752706245883,279.5754399993186,279.57577264552117,279.57616303369207,279.57734832517673,279.5776570447415,279.5781405397047,279.56884992281135,279.57047489558295,279.5755379252282,279.59893676753035,279.5939640548227,279.62982232614524,279.63352380986623,279.63371743220495,279.6343273146057,279.63441152066684,279.63449550555976,279.63632535830874,279.7360263354846,279.7359776772944,279.7361678995753,279.73411529106056,279.7340707390684,279.7342734280827,279.73406405992074,279.7342808427986,279.80590811221236,279.8060380379035]"
,,,,,
SOPWM_for_13_level_inverters,131.58953840170483,0.0444465472153388,35,8,11,16,19
"[101.24011042568645,113.46454953797043,103.0892763786701,96.26603806352365,93.87145676012734,88.22139906440698,99.98434997418626,98.53767036726474,99.34611760460996,109.70450114380344,124.2898902735479,128.5664635993925,130.4365496409036,130.82630352074057,131.00930387449716,131.07949169933408,131.1475103443395,131.27065063018384,131.27763152300918,131.32321315960806,131.34353387618,131.32014825273887,131.28875679972313,131.30832023850846,131.31215423989283,131.31285203810177,131.31374521355556,131.29437254928575,131.29501072833233,131.40802728723284,131.40660409595716,131.4092243780456,131.4093710019027,131.4096151548733,131.40968872982882,131.40966436143106,131.4033191672397,131.41249503234002,131.4133067269539,131.41340827611415,131.40696356151193,131.41362811170683,131.41569660455372,131.42153481514853,131.42055604231706,131.42064409050886,131.43918771312536,131.44234729559275,131.44246986824282,131.44378180716313,131.4605580666975,131.45854653901844,131.4585780159943,131.4590115423167,131.48084603425664,131.5294829224092,131.53271319089524,131.5250120130335,131.52168536281573,131.51871169295643,131.52204195228657,131.52262686777965,131.5392586614227,131.54533004493786,131.54708853023237,131.54763867760184,131.5615064661572,131.57964115390234,131.58141114008797,131.5818259373646,131.58210732140495,131.5773284475594,131.57721685351137,131.58242776385086,131.58244267920725,131.582594323039,131.57658586344675,131.58045801818588,131.58059145667085,131.58057521620455,131.58065383245955,131.5828154151221,131.58272028616975,131.58261080608358,131.58279692551636,131.58298882390153,131.58728591253274,131.58767618019866,131.57911825767977,131.579579778638,131.57956607705094,131.5796633344657,131.57967702369493,131.57984407848326,131.57975271756652,131.57979081860665,131.5798626283611,131.5799111186088,131.5751450203829,131.58953840170483]"
,,,,,
sizing_of_single_phase_distributed_generation_1,1.8040263439212656e6,0.04994305754778907,36,1,1,1,1
"[1.7853330938567864e6,1.8035860749684074e6,1.8038034866729737e6,1.8039124760152893e6,1.8039850205232752e6,1.8039953974125443e6,1.8040055406056775e6,1.8040162139622797e6,1.804026334782327e6,1.8040263434974633e6,1.8040263439174762e6,1.8040263439211352e6,1.8040263439212502e6,1.804026343921265e6,1.8040263439212656e6,1.8040263439212656e6,1.8040263439212656e6,1.8040263439212656e6,1.8040263439212656e6,1.8040263439212656e6,1.8040263439212656e6,1.8040263439212656e6,1.8040263439212656e6,1.8040263439212656e6,1.8040263439212656e6,1.8040263439212656e6,1.8040263439212656e6,1.8040263439212656e6,1.8040263439212656e6,1.8040263439212656e6,1.8040263439212656e6,1.8040263439212656e6,1.8040263439212656e6,1.8040263439212656e6,1.8040263439212656e6,1.8040263439212656e6,1.8040263439212656e6,1.8040263439212656e6,1.8040263439212656e6,1.8040263439212656e6,1.8040263439212656e6,1.8040263439212656e6,1.8040263439212656e6,1.8040263439212656e6,1.8040263439212656e6,1.8040263439212656e6,1.8040263439212656e6,1.8040263439212656e6,1.8040263439212656e6,1.8040263439212656e6,1.8040263439212656e6,1.8040263439212656e6,1.8040263439212656e6,1.8040263439212656e6,1.8040263439212656e6,1.8040263439212656e6,1.8040263439212656e6,1.8040263439212656e6,1.8040263439212656e6,1.8040263439212656e6,1.8040263439212656e6,1.8040263439212656e6,1.8040263439212656e6,1.8040263439212656e6,1.8040263439212656e6,1.8040263439212656e6,1.8040263439212656e6,1.8040263439212656e6,1.8040263439212656e6,1.8040263439212656e6,1.8040263439212656e6,1.8040263439212656e6,1.8040263439212656e6,1.8040263439212656e6,1.8040263439212656e6,1.8040263439212656e6,1.8040263439212656e6,1.8040263439212656e6,1.8040263439212656e6,1.8040263439212656e6,1.8040263439212656e6,1.8040263439212656e6,1.8040263439212656e6,1.8040263439212656e6,1.8040263439212656e6,1.8040263439212656e6,1.8040263439212656e6,1.8040263439212656e6,1.8040263439212656e6,1.8040263439212656e6,1.8040263439212656e6,1.8040263439212656e6,1.8040263439212656e6,1.8040263439212656e6,1.8040263439212656e6,1.8040263439212656e6,1.8040263439212656e6,1.8040263439212656e6,1.8040263439212656e6,1.8040263439212656e6]"
,,,,,
sizing_of_single_phase_distributed_generation_2,1.5288693186352174e6,0.0,37,1000,1000,1000,1000
"[1.5288693186352174e6,1.5224423588245744e6,1.522995952855114e6,1.5229092243078218e6,1.5229101029132723e6,1.5229099520659037e6,1.522909936229433e6,1.5229099362754487e6,1.522909936320851e6,1.522909936321617e6,1.5229099363213887e6,1.52290993632139e6,1.5229099363213906e6,1.5229099363213906e6,1.5229099363213906e6,1.5229099363213906e6,1.5229099363213906e6,1.5229099363213906e6,1.5229099363213906e6,1.5229099363213906e6,1.5229099363213906e6,1.5229099363213906e6,1.5229099363213906e6,1.5229099363213906e6,1.5229099363213906e6,1.5229099363213906e6,1.5229099363213906e6,1.5229099363213906e6,1.5229099363213906e6,1.5229099363213906e6,1.5229099363213906e6,1.5229099363213906e6,1.5229099363213906e6,1.5229099363213906e6,1.5229099363213906e6,1.5229099363213906e6,1.5229099363213906e6,1.5229099363213906e6,1.5229099363213906e6,1.5229099363213906e6,1.5229099363213906e6,1.5229099363213906e6,1.5229099363213906e6,1.5229099363213906e6,1.5229099363213906e6,1.5229099363213906e6,1.5229099363213906e6,1.5229099363213906e6,1.5229099363213906e6,1.5229099363213906e6,1.5229099363213906e6,1.5229099363213906e6,1.5229099363213906e6,1.5229099363213906e6,1.5229099363213906e6,1.5229099363213906e6,1.5229099363213906e6,1.5229099363213906e6,1.5229099363213906e6,1.5229099363213906e6,1.5229099363213906e6,1.5229099363213906e6,1.5229099363213906e6,1.5229099363213906e6,1.5229099363213906e6,1.5229099363213906e6,1.5229099363213906e6,1.5229099363213906e6,1.5229099363213906e6,1.5229099363213906e6,1.5229099363213906e6,1.5229099363213906e6,1.5229099363213906e6,1.5229099363213906e6,1.5229099363213906e6,1.5229099363213906e6,1.5229099363213906e6,1.5229099363213906e6,1.5229099363213906e6,1.5229099363213906e6,1.5229099363213906e6,1.5229099363213906e6,1.5229099363213906e6,1.5229099363213906e6,1.5229099363213906e6,1.5229099363213906e6,1.5229099363213906e6,1.5229099363213906e6,1.5229099363213906e6,1.5229099363213906e6,1.5229099363213906e6,1.5229099363213906e6,1.5229099363213906e6,1.5229099363213906e6,1.5229099363213906e6,1.5229099363213906e6,1.5229099363213906e6,1.5229099363213906e6,1.5229099363213906e6,1.5229099363213906e6]"
,,,,,
sizing_of_single_phase_distributed_generation_3,4.308709000533485e6,0.016142628595698625,38,1,1,1,1
"[4.279629975831169e6,4.3068695307710925e6,4.308709000533485e6,4.308289968572693e6,4.308241281368631e6,4.308165579847477e6,4.30809186253657e6,4.3080225295852795e6,4.307952347328699e6,4.307887285777359e6,4.307851365363775e6,4.307776010896413e6,4.307707304072996e6,4.307644140900158e6,4.307571116980752e6,4.307554212180233e6,4.30755307297814e6,4.307551933824174e6,4.307572388439333e6,4.307510207449345e6,4.307507468725312e6,4.307515327229435e6,4.307514203436853e6,4.307513117018778e6,4.307511993052277e6,4.30751086779503e6,4.307509774057565e6,4.307508642297277e6,4.307507493158427e6,4.3075064195983345e6,4.307505338830327e6,4.3075041506711915e6,4.307524102283255e6,4.307521726105689e6,4.307520829449495e6,4.307519661949572e6,4.307518566434021e6,4.307517361050418e6,4.307516270529049e6,4.3075151478526695e6,4.307514025978936e6,4.307512915339926e6,4.307511809490421e6,4.307510641549784e6,4.307509469727397e6,4.30750834918312e6,4.307527831894881e6,4.307526072364555e6,4.307524884094516e6,4.30752371238014e6,4.307522527694014e6,4.307521295994674e6,4.30752009625502e6,4.307518971481464e6,4.307517874702438e6,4.307516666389183e6,4.307515501482938e6,4.307514316101936e6,4.307513165265785e6,4.3075119940127935e6,4.307510863371616e6,4.307529722433289e6,4.307529668217309e6,4.307529676188977e6,4.307528567848498e6,4.307527412139589e6,4.307526242720397e6,4.307525149863044e6,4.307524020695879e6,4.307522879870365e6,4.307521726231091e6,4.307520586564528e6,4.307519443289827e6,4.307518338251049e6,4.307517214531361e6,4.307516036946745e6,4.307514796243989e6,4.307513642070332e6,4.307532030558763e6,4.307533318790102e6,4.307532020557001e6,4.307530846245883e6,4.307529643698729e6,4.307528427290418e6,4.307527300789683e6,4.307526081104157e6,4.307524870438902e6,4.30752370726492e6,4.307522555187146e6,4.307521409019737e6,4.3075202160001295e6,4.307519134933817e6,4.307517955777006e6,4.307516758096654e6,4.307515524206932e6,4.307514310141444e6,4.307513145622767e6,4.30751201341223e6,4.307510814813896e6,4.307509657649062e6]"
,,,,,
sizing_of_single_phase_distributed_generation_4,3.260433481665357e9,0.0,39,1000,1000,1000,1000
"[3.2373883545916743e9,3.258995355171119e9,3.260433481665357e9,3.2596730117054324e9,3.2603497801461563e9,3.2587818709127803e9,3.2588039736813726e9,3.258804572237079e9,3.258804730072759e9,3.25880473164014e9,3.258804730604756e9,3.258804730600012e9,3.2588047306005483e9,3.2588047306005535e9,3.25880473060055e9,3.258804730600551e9,3.258804730600551e9,3.258804730600551e9,3.258804730600551e9,3.258804730600551e9,3.258804730600551e9,3.258804730600551e9,3.258804730600551e9,3.258804730600551e9,3.258804730600551e9,3.258804730600551e9,3.258804730600551e9,3.258804730600551e9,3.258804730600551e9,3.258804730600551e9,3.258804730600551e9,3.258804730600551e9,3.258804730600551e9,3.258804730600551e9,3.258804730600551e9,3.258804730600551e9,3.258804730600551e9,3.258804730600551e9,3.258804730600551e9,3.258804730600551e9,3.258804730600551e9,3.258804730600551e9,3.258804730600551e9,3.258804730600551e9,3.258804730600551e9,3.258804730600551e9,3.258804730600551e9,3.258804730600551e9,3.258804730600551e9,3.258804730600551e9,3.258804730600551e9,3.258804730600551e9,3.258804730600551e9,3.258804730600551e9,3.258804730600551e9,3.258804730600551e9,3.258804730600551e9,3.258804730600551e9,3.258804730600551e9,3.258804730600551e9,3.258804730600551e9,3.258804730600551e9,3.258804730600551e9,3.258804730600551e9,3.258804730600551e9,3.258804730600551e9,3.258804730600551e9,3.258804730600551e9,3.258804730600551e9,3.258804730600551e9,3.258804730600551e9,3.258804730600551e9,3.258804730600551e9,3.258804730600551e9,3.258804730600551e9,3.258804730600551e9,3.258804730600551e9,3.258804730600551e9,3.258804730600551e9,3.258804730600551e9,3.258804730600551e9,3.258804730600551e9,3.258804730600551e9,3.258804730600551e9,3.258804730600551e9,3.258804730600551e9,3.258804730600551e9,3.258804730600551e9,3.258804730600551e9,3.258804730600551e9,3.258804730600551e9,3.258804730600551e9,3.258804730600551e9,3.258804730600551e9,3.258804730600551e9,3.258804730600551e9,3.258804730600551e9,3.258804730600551e9,3.258804730600551e9,3.258804730600551e9]"
,,,,,
active_and_reactive_power_loss,1845.460015495416,0.05481799505185336,40,1,1,1,1
"[1830.5438135554878,1842.4754061214212,1845.460015495416,1845.395617836755,1845.3971319673074,1845.3721773217344,1845.3733880138896,1845.3733032612888,1845.3732686848305,1845.3732820117386,1845.3732829756048,1845.3732834547002,1845.3732834808677,1845.3732834862942,1845.3732834863663,1845.3732834864063,1845.3732834864063,1845.3732834864063,1845.3732834864063,1845.3732834864063,1845.3732834864063,1845.3732834864063,1845.3732834864063,1845.3732834864063,1845.3732834864063,1845.3732834864063,1845.3732834864063,1845.3732834864063,1845.3732834864063,1845.3732834864063,1845.3732834864063,1845.3732834864063,1845.3732834864063,1845.3732834864063,1845.3732834864063,1845.3732834864063,1845.3732834864063,1845.3732834864063,1845.3732834864063,1845.3732834864063,1845.3732834864063,1845.3732834864063,1845.3732834864063,1845.3732834864063,1845.3732834864063,1845.3732834864063,1845.3732834864063,1845.3732834864063,1845.3732834864063,1845.3732834864063,1845.3732834864063,1845.3732834864063,1845.3732834864063,1845.3732834864063,1845.3732834864063,1845.3732834864063,1845.3732834864063,1845.3732834864063,1845.3732834864063,1845.3732834864063,1845.3732834864063,1845.3732834864063,1845.3732834864063,1845.3732834864063,1845.3732834864063,1845.3732834864063,1845.3732834864063,1845.3732834864063,1845.3732834864063,1845.3732834864063,1845.3732834864063,1845.3732834864063,1845.3732834864063,1845.3732834864063,1845.3732834864063,1845.3732834864063,1845.3732834864063,1845.3732834864063,1845.3732834864063,1845.3732834864063,1845.3732834864063,1845.3732834864063,1845.3732834864063,1845.3732834864063,1845.3732834864063,1845.3732834864063,1845.3732834864063,1845.3732834864063,1845.3732834864063,1845.3732834864063,1845.3732834864063,1845.3732834864063,1845.3732834864063,1845.3732834864063,1845.3732834864063,1845.3732834864063,1845.3732834864063,1845.3732834864063,1845.3732834864063,1845.3732834864063]"
,,,,,
optimal_power_flow_1,55691.34810914507,0.05183127555064857,41,1,1,1,1
"[55691.34810914507,55356.51621733868,55554.74376036639,55531.629762129014,55529.84149205535,55527.00272855984,55525.78966535158,55525.92848933859,55525.92885790256,55525.928888852875,55525.92894680868,55525.92894912277,55525.92894919193,55525.92894919534,55525.92894919554,55525.92894919559,55525.92894919559,55525.92894919559,55525.92894919559,55525.92894919559,55525.92894919559,55525.92894919559,55525.92894919559,55525.92894919559,55525.92894919559,55525.92894919559,55525.92894919559,55525.92894919559,55525.92894919559,55525.92894919559,55525.92894919559,55525.92894919559,55525.92894919559,55525.92894919559,55525.92894919559,55525.92894919559,55525.92894919559,55525.92894919559,55525.92894919559,55525.92894919559,55525.92894919559,55525.92894919559,55525.92894919559,55525.92894919559,55525.92894919559,55525.92894919559,55525.92894919559,55525.92894919559,55525.92894919559,55525.92894919559,55525.92894919559,55525.92894919559,55525.92894919559,55525.92894919559,55525.92894919559,55525.92894919559,55525.92894919559,55525.92894919559,55525.92894919559,55525.92894919559,55525.92894919559,55525.92894919559,55525.92894919559,55525.92894919559,55525.92894919559,55525.92894919559,55525.92894919559,55525.92894919559,55525.92894919559,55525.92894919559,55525.92894919559,55525.92894919559,55525.92894919559,55525.92894919559,55525.92894919559,55525.92894919559,55525.92894919559,55525.92894919559,55525.92894919559,55525.92894919559,55525.92894919559,55525.92894919559,55525.92894919559,55525.92894919559,55525.92894919559,55525.92894919559,55525.92894919559,55525.92894919559,55525.92894919559,55525.92894919559,55525.92894919559,55525.92894919559,55525.92894919559,55525.92894919559,55525.92894919559,55525.92894919559,55525.92894919559,55525.92894919559,55525.92894919559,55525.92894919559]"
,,,,,
optimal_power_flow_2,978.6068903097488,0.08881798044312746,42,1,1,1,1
"[969.9934879151065,978.0327037411197,978.5121337341363,978.4343962771944,978.5804496428464,978.598898254006,978.5992044622849,978.6068903097488,978.6068891654928,978.6068886270072,978.6068886472141,978.606888647316,978.6068886473902,978.6068886473912,978.6068886473912,978.6068886473912,978.6068886473912,978.6068886473912,978.6068886473912,978.6068886473912,978.6068886473912,978.6068886473912,978.6068886473912,978.6068886473912,978.6068886473912,978.6068886473912,978.6068886473912,978.6068886473912,978.6068886473912,978.6068886473912,978.6068886473912,978.6068886473912,978.6068886473912,978.6068886473912,978.6068886473912,978.6068886473912,978.6068886473912,978.6068886473912,978.6068886473912,978.6068886473912,978.6068886473912,978.6068886473912,978.6068886473912,978.6068886473912,978.6068886473912,978.6068886473912,978.6068886473912,978.6068886473912,978.6068886473912,978.6068886473912,978.6068886473912,978.6068886473912,978.6068886473912,978.6068886473912,978.6068886473912,978.6068886473912,978.6068886473912,978.6068886473912,978.6068886473912,978.6068886473912,978.6068886473912,978.6068886473912,978.6068886473912,978.6068886473912,978.6068886473912,978.6068886473912,978.6068886473912,978.6068886473912,978.6068886473912,978.6068886473912,978.6068886473912,978.6068886473912,978.6068886473912,978.6068886473912,978.6068886473912,978.6068886473912,978.6068886473912,978.6068886473912,978.6068886473912,978.6068886473912,978.6068886473912,978.6068886473912,978.6068886473912,978.6068886473912,978.6068886473912,978.6068886473912,978.6068886473912,978.6068886473912,978.6068886473912,978.6068886473912,978.6068886473912,978.6068886473912,978.6068886473912,978.6068886473912,978.6068886473912,978.6068886473912,978.6068886473912,978.6068886473912,978.6068886473912,978.6068886473912]"
,,,,,
optimal_power_flow_3,1245.7871656945313,0.05716390951303766,43,1,1,1,1
"[1215.0661663474618,1244.5142567185692,1245.4532141699497,1245.6899843166907,1245.7871656945313,1245.7866954684062,1245.7861915223405,1245.784888325548,1245.7836379918817,1245.7836761962851,1245.783676202357,1245.7836762022355,1245.7836762022896,1245.783676202304,1245.7836762023042,1245.7836762023044,1245.7836762023044,1245.7836762023044,1245.7836762023044,1245.7836762023044,1245.7836762023044,1245.7836762023044,1245.7836762023044,1245.7836762023044,1245.7836762023044,1245.7836762023044,1245.7836762023044,1245.7836762023044,1245.7836762023044,1245.7836762023044,1245.7836762023044,1245.7836762023044,1245.7836762023044,1245.7836762023044,1245.7836762023044,1245.7836762023044,1245.7836762023044,1245.7836762023044,1245.7836762023044,1245.7836762023044,1245.7836762023044,1245.7836762023044,1245.7836762023044,1245.7836762023044,1245.7836762023044,1245.7836762023044,1245.7836762023044,1245.7836762023044,1245.7836762023044,1245.7836762023044,1245.7836762023044,1245.7836762023044,1245.7836762023044,1245.7836762023044,1245.7836762023044,1245.7836762023044,1245.7836762023044,1245.7836762023044,1245.7836762023044,1245.7836762023044,1245.7836762023044,1245.7836762023044,1245.7836762023044,1245.7836762023044,1245.7836762023044,1245.7836762023044,1245.7836762023044,1245.7836762023044,1245.7836762023044,1245.7836762023044,1245.7836762023044,1245.7836762023044,1245.7836762023044,1245.7836762023044,1245.7836762023044,1245.7836762023044,1245.7836762023044,1245.7836762023044,1245.7836762023044,1245.7836762023044,1245.7836762023044,1245.7836762023044,1245.7836762023044,1245.7836762023044,1245.7836762023044,1245.7836762023044,1245.7836762023044,1245.7836762023044,1245.7836762023044,1245.7836762023044,1245.7836762023044,1245.7836762023044,1245.7836762023044,1245.7836762023044,1245.7836762023044,1245.7836762023044,1245.7836762023044,1245.7836762023044,1245.7836762023044,1245.7836762023044]"
,,,,,
optimal_power_flow_4,49607.97119191234,0.0053514855168759826,44,1,1,1,1
"[48772.71716898336,49564.556377669745,49605.553866945564,49607.17264421486,49607.97119191234,49607.900759945915,49607.90359694486,49607.90528683975,49607.90568488825,49607.90568475464,49607.905684897334,49607.905684898535,49607.90568489862,49607.905684898615,49607.90568489861,49607.90568489861,49607.90568489861,49607.90568489861,49607.90568489861,49607.90568489861,49607.90568489861,49607.90568489861,49607.90568489861,49607.90568489861,49607.90568489861,49607.90568489861,49607.90568489861,49607.90568489861,49607.90568489861,49607.90568489861,49607.90568489861,49607.90568489861,49607.90568489861,49607.90568489861,49607.90568489861,49607.90568489861,49607.90568489861,49607.90568489861,49607.90568489861,49607.90568489861,49607.90568489861,49607.90568489861,49607.90568489861,49607.90568489861,49607.90568489861,49607.90568489861,49607.90568489861,49607.90568489861,49607.90568489861,49607.90568489861,49607.90568489861,49607.90568489861,49607.90568489861,49607.90568489861,49607.90568489861,49607.90568489861,49607.90568489861,49607.90568489861,49607.90568489861,49607.90568489861,49607.90568489861,49607.90568489861,49607.90568489861,49607.90568489861,49607.90568489861,49607.90568489861,49607.90568489861,49607.90568489861,49607.90568489861,49607.90568489861,49607.90568489861,49607.90568489861,49607.90568489861,49607.90568489861,49607.90568489861,49607.90568489861,49607.90568489861,49607.90568489861,49607.90568489861,49607.90568489861,49607.90568489861,49607.90568489861,49607.90568489861,49607.90568489861,49607.90568489861,49607.90568489861,49607.90568489861,49607.90568489861,49607.90568489861,49607.90568489861,49607.90568489861,49607.90568489861,49607.90568489861,49607.90568489861,49607.90568489861,49607.90568489861,49607.90568489861,49607.90568489861,49607.90568489861,49607.90568489861]"
,,,,,
optimal_power_flow_5,41770.15421383635,0.026157285762019457,45,1,1,1,1
"[41650.64827321504,41764.3706688297,41712.54545133143,41727.07490968747,41770.15421383635,41749.75807521727,41750.982549281114,41750.052943529394,41751.046212154244,41750.992276594385,41750.99131160056,41750.99117778141,41750.99115715732,41750.99115483877,41750.99115480476,41750.99115479415,41750.991154794494,41750.9911547945,41750.9911547945,41750.9911547945,41750.9911547945,41750.9911547945,41750.9911547945,41750.9911547945,41750.9911547945,41750.9911547945,41750.9911547945,41750.9911547945,41750.9911547945,41750.9911547945,41750.9911547945,41750.9911547945,41750.9911547945,41750.9911547945,41750.9911547945,41750.9911547945,41750.9911547945,41750.9911547945,41750.9911547945,41750.9911547945,41750.9911547945,41750.9911547945,41750.9911547945,41750.9911547945,41750.9911547945,41750.9911547945,41750.9911547945,41750.9911547945,41750.9911547945,41750.9911547945,41750.9911547945,41750.9911547945,41750.9911547945,41750.9911547945,41750.9911547945,41750.9911547945,41750.9911547945,41750.9911547945,41750.9911547945,41750.9911547945,41750.9911547945,41750.9911547945,41750.9911547945,41750.9911547945,41750.9911547945,41750.9911547945,41750.9911547945,41750.9911547945,41750.9911547945,41750.9911547945,41750.9911547945,41750.9911547945,41750.9911547945,41750.9911547945,41750.9911547945,41750.9911547945,41750.9911547945,41750.9911547945,41750.9911547945,41750.9911547945,41750.9911547945,41750.9911547945,41750.9911547945,41750.9911547945,41750.9911547945,41750.9911547945,41750.9911547945,41750.9911547945,41750.9911547945,41750.9911547945,41750.9911547945,41750.9911547945,41750.9911547945,41750.9911547945,41750.9911547945,41750.9911547945,41750.9911547945,41750.9911547945,41750.9911547945,41750.9911547945]"
,,,,,
optimal_power_flow_6,2.287949508299911e7,0.05101057464489714,46,1,1,1,1
"[2.2629108100040894e7,2.2843221491778184e7,2.2877400354681946e7,2.2878444327761292e7,2.2878634172323316e7,2.2879090590091612e7,2.287929059275373e7,2.287949508299911e7,2.287927462611781e7,2.2879158558320645e7,2.2879158305752534e7,2.2879158307001274e7,2.28791583041909e7,2.2879158304200165e7,2.287915830419734e7,2.2879158304196235e7,2.287915830419672e7,2.287915830419672e7,2.2879158304196715e7,2.2879158304196715e7,2.2879158304196715e7,2.2879158304196715e7,2.2879158304196715e7,2.2879158304196715e7,2.2879158304196715e7,2.2879158304196715e7,2.2879158304196715e7,2.2879158304196715e7,2.2879158304196715e7,2.2879158304196715e7,2.2879158304196715e7,2.2879158304196715e7,2.2879158304196715e7,2.2879158304196715e7,2.2879158304196715e7,2.2879158304196715e7,2.2879158304196715e7,2.2879158304196715e7,2.2879158304196715e7,2.2879158304196715e7,2.2879158304196715e7,2.2879158304196715e7,2.2879158304196715e7,2.2879158304196715e7,2.2879158304196715e7,2.2879158304196715e7,2.2879158304196715e7,2.2879158304196715e7,2.2879158304196715e7,2.2879158304196715e7,2.2879158304196715e7,2.2879158304196715e7,2.2879158304196715e7,2.2879158304196715e7,2.2879158304196715e7,2.2879158304196715e7,2.2879158304196715e7,2.2879158304196715e7,2.2879158304196715e7,2.2879158304196715e7,2.2879158304196715e7,2.2879158304196715e7,2.2879158304196715e7,2.2879158304196715e7,2.2879158304196715e7,2.2879158304196715e7,2.2879158304196715e7,2.2879158304196715e7,2.2879158304196715e7,2.2879158304196715e7,2.2879158304196715e7,2.2879158304196715e7,2.2879158304196715e7,2.2879158304196715e7,2.2879158304196715e7,2.2879158304196715e7,2.2879158304196715e7,2.2879158304196715e7,2.2879158304196715e7,2.2879158304196715e7,2.2879158304196715e7,2.2879158304196715e7,2.2879158304196715e7,2.2879158304196715e7,2.2879158304196715e7,2.2879158304196715e7,2.2879158304196715e7,2.2879158304196715e7,2.2879158304196715e7,2.2879158304196715e7,2.2879158304196715e7,2.2879158304196715e7,2.2879158304196715e7,2.2879158304196715e7,2.2879158304196715e7,2.2879158304196715e7,2.2879158304196715e7,2.2879158304196715e7,2.2879158304196715e7,2.2879158304196715e7]"
,,,,,
minimization_of_active_power_loss_in_islanded_microgrids_1,8985.954014228191,0.058449733450543134,47,1,1,1,1
"[8985.954014228191,8957.19921923958,8958.508471543595,8958.504533961212,8958.615268875496,8958.628385074036,8958.62842011181,8958.628421581676,8958.62842159348,8958.628421593467,8958.628421593467,8958.628421593467,8958.628421593467,8958.628421593467,8958.628421593467,8958.628421593467,8958.628421593467,8958.628421593467,8958.628421593467,8958.628421593467,8958.628421593467,8958.628421593467,8958.628421593467,8958.628421593467,8958.628421593467,8958.628421593467,8958.628421593467,8958.628421593467,8958.628421593467,8958.628421593467,8958.628421593467,8958.628421593467,8958.628421593467,8958.628421593467,8958.628421593467,8958.628421593467,8958.628421593467,8958.628421593467,8958.628421593467,8958.628421593467,8958.628421593467,8958.628421593467,8958.628421593467,8958.628421593467,8958.628421593467,8958.628421593467,8958.628421593467,8958.628421593467,8958.628421593467,8958.628421593467,8958.628421593467,8958.628421593467,8958.628421593467,8958.628421593467,8958.628421593467,8958.628421593467,8958.628421593467,8958.628421593467,8958.628421593467,8958.628421593467,8958.628421593467,8958.628421593467,8958.628421593467,8958.628421593467,8958.628421593467,8958.628421593467,8958.628421593467,8958.628421593467,8958.628421593467,8958.628421593467,8958.628421593467,8958.628421593467,8958.628421593467,8958.628421593467,8958.628421593467,8958.628421593467,8958.628421593467,8958.628421593467,8958.628421593467,8958.628421593467,8958.628421593467,8958.628421593467,8958.628421593467,8958.628421593467,8958.628421593467,8958.628421593467,8958.628421593467,8958.628421593467,8958.628421593467,8958.628421593467,8958.628421593467,8958.628421593467,8958.628421593467,8958.628421593467,8958.628421593467,8958.628421593467,8958.628421593467,8958.628421593467,8958.628421593467,8958.628421593467]"
,,,,,
minimization_of_active_power_loss_in_islanded_microgrids_2,9776.834035840491,0.04471676259301603,48,1,1,1,1
"[9776.834035840491,9724.231571477862,9721.344255213011,9721.025180362323,9721.035269020209,9721.077159448574,9721.11458262622,9721.114587435814,9721.114587648643,9721.114587650727,9721.114587650742,9721.114587650742,9721.114587650742,9721.114587650742,9721.114587650742,9721.114587650742,9721.114587650742,9721.114587650742,9721.114587650742,9721.114587650742,9721.114587650742,9721.114587650742,9721.114587650742,9721.114587650742,9721.114587650742,9721.114587650742,9721.114587650742,9721.114587650742,9721.114587650742,9721.114587650742,9721.114587650742,9721.114587650742,9721.114587650742,9721.114587650742,9721.114587650742,9721.114587650742,9721.114587650742,9721.114587650742,9721.114587650742,9721.114587650742,9721.114587650742,9721.114587650742,9721.114587650742,9721.114587650742,9721.114587650742,9721.114587650742,9721.114587650742,9721.114587650742,9721.114587650742,9721.114587650742,9721.114587650742,9721.114587650742,9721.114587650742,9721.114587650742,9721.114587650742,9721.114587650742,9721.114587650742,9721.114587650742,9721.114587650742,9721.114587650742,9721.114587650742,9721.114587650742,9721.114587650742,9721.114587650742,9721.114587650742,9721.114587650742,9721.114587650742,9721.114587650742,9721.114587650742,9721.114587650742,9721.114587650742,9721.114587650742,9721.114587650742,9721.114587650742,9721.114587650742,9721.114587650742,9721.114587650742,9721.114587650742,9721.114587650742,9721.114587650742,9721.114587650742,9721.114587650742,9721.114587650742,9721.114587650742,9721.114587650742,9721.114587650742,9721.114587650742,9721.114587650742,9721.114587650742,9721.114587650742,9721.114587650742,9721.114587650742,9721.114587650742,9721.114587650742,9721.114587650742,9721.114587650742,9721.114587650742,9721.114587650742,9721.114587650742,9721.114587650742]"
,,,,,
minimization_of_active_power_loss_in_islanded_microgrids_3,906225.8448549408,0.07465478080091999,49,1,1,1,1
"[906225.8448549408,904581.9266954635,904655.4285830486,904658.1905867802,904658.2799688234,904658.2827519941,904658.2829841261,904658.2829848803,904658.2829849494,904658.2829849479,904658.2829849478,904658.2829849478,904658.2829849478,904658.2829849478,904658.2829849478,904658.2829849478,904658.2829849478,904658.2829849478,904658.2829849478,904658.2829849478,904658.2829849478,904658.2829849478,904658.2829849478,904658.2829849478,904658.2829849478,904658.2829849478,904658.2829849478,904658.2829849478,904658.2829849478,904658.2829849478,904658.2829849478,904658.2829849478,904658.2829849478,904658.2829849478,904658.2829849478,904658.2829849478,904658.2829849478,904658.2829849478,904658.2829849478,904658.2829849478,904658.2829849478,904658.2829849478,904658.2829849478,904658.2829849478,904658.2829849478,904658.2829849478,904658.2829849478,904658.2829849478,904658.2829849478,904658.2829849478,904658.2829849478,904658.2829849478,904658.2829849478,904658.2829849478,904658.2829849478,904658.2829849478,904658.2829849478,904658.2829849478,904658.2829849478,904658.2829849478,904658.2829849478,904658.2829849478,904658.2829849478,904658.2829849478,904658.2829849478,904658.2829849478,904658.2829849478,904658.2829849478,904658.2829849478,904658.2829849478,904658.2829849478,904658.2829849478,904658.2829849478,904658.2829849478,904658.2829849478,904658.2829849478,904658.2829849478,904658.2829849478,904658.2829849478,904658.2829849478,904658.2829849478,904658.2829849478,904658.2829849478,904658.2829849478,904658.2829849478,904658.2829849478,904658.2829849478,904658.2829849478,904658.2829849478,904658.2829849478,904658.2829849478,904658.2829849478,904658.2829849478,904658.2829849478,904658.2829849478,904658.2829849478,904658.2829849478,904658.2829849478,904658.2829849478,904658.2829849478]"
,,,,,
power_distribution_system_planning,2.5340976915331203e7,0.06494389683008193,50,1,1,1,1
"[2.5340976915331203e7,2.5340976915331203e7,2.5340976915331203e7,2.5340976915331203e7,2.5340976915331203e7,2.5340976915331203e7,2.5340976915331203e7,2.5340976915331203e7,2.5340976915331203e7,2.5340976915331203e7,2.5340976915331203e7,2.5340976915331203e7,2.5340976915331203e7,2.5340976915331203e7,2.5340976915331203e7,2.5340976915331203e7,2.5340976915331203e7,2.5340976915331203e7,2.5340976915331203e7,2.5340976915331203e7,2.5340976915331203e7,2.5340976915331203e7,2.5340976915331203e7,2.5340976915331203e7,2.5340976915331203e7,2.5340976915331203e7,2.5340976915331203e7,2.5340976915331203e7,2.5340976915331203e7,2.5340976915331203e7,2.5340976915331203e7,2.5340976915331203e7,2.5340976915331203e7,2.5340976915331203e7,2.5340976915331203e7,2.5340976915331203e7,2.5340976915331203e7,2.5340976915331203e7,2.5340976915331203e7,2.5340976915331203e7,2.5340976915331203e7,2.5340976915331203e7,2.5340976915331203e7,2.5340976915331203e7,2.5340976915331203e7,2.5340976915331203e7,2.5340976915331203e7,2.5340976915331203e7,2.5340976915331203e7,2.5340976915331203e7,2.5340976915331203e7,2.5340976915331203e7,2.5340976915331203e7,2.5340976915331203e7,2.5340976915331203e7,2.5340976915331203e7,2.5340976915331203e7,2.5340976915331203e7,2.5340976915331203e7,2.5340976915331203e7,2.5340976915331203e7,2.5340976915331203e7,2.5340976915331203e7,2.5340976915331203e7,2.5340976915331203e7,2.5340976915331203e7,2.5340976915331203e7,2.5340976915331203e7,2.5340976915331203e7,2.5340976915331203e7,2.5340976915331203e7,2.5340976915331203e7,2.5340976915331203e7,2.5340976915331203e7,2.5340976915331203e7,2.5340976915331203e7,2.5340976915331203e7,2.5340976915331203e7,2.5340976915331203e7,2.5340976915331203e7,2.5340976915331203e7,2.5340976915331203e7,2.5340976915331203e7,2.5340976915331203e7,2.5340976915331203e7,2.5340976915331203e7,2.5340976915331203e7,2.5340976915331203e7,2.5340976915331203e7,2.5340976915331203e7,2.5340976915331203e7,2.5340976915331203e7,2.5340976915331203e7,2.5340976915331203e7,2.5340976915331203e7,2.5340976915331203e7,2.5340976915331203e7,2.5340976915331203e7,2.5340976915331203e7,2.5340976915331203e7]"
,,,,,
